SALE TYPE,SOLD DATE,PROPERTY TYPE,ADDRESS,CITY,STATE OR PROVINCE,ZIP OR POSTAL CODE,PRICE,BEDS,BATHS,LOCATION,SQUARE FEET,LOT SIZE,YEAR BUILT,DAYS ON MARKET,$/SQUARE FEET,HOA/MONTH,STATUS,NEXT OPEN HOUSE START TIME,NEXT OPEN HOUSE END TIME,URL (SEE http://www.redfin.com/buy-a-home/comparative-market-analysis FOR INFO ON PRICING),SOURCE,MLS#,FAVORITE,INTERESTED,LATITUDE,LONGITUDE
MLS Listing,,Single Family Residential,429 S 12th St,Newark City,NJ,07103-1936,215000,3,1.5,Newark City,,2613,2003,1,,,Active,,,http://www.redfin.com/NJ/Newark/429-S-12th-St-07103/home/36235278,GSMLS,3695675,N,Y,40.7391576,-74.2032696
MLS Listing,,Multi-Family (2-4 Unit),525-527 Central Ave,Newark,NJ,07107,2300000,,,,,,,1,,,Active,,,http://www.redfin.com/NJ/Newark/525-Central-Ave-07107/home/174613608,MOMLS,22106274,N,Y,40.7490564,-74.1956106
MLS Listing,,Townhouse,16 Ashby Ln,Newark,NJ,07103,324900,2,2.5,Newark,1276,,,1,255,,Active,,,http://www.redfin.com/NJ/Newark/16-Ashby-Ln-07103/unit-D/home/40057335,NJMLS,21007607,N,Y,40.7413675,-74.1849917
MLS Listing,,Multi-Family (2-4 Unit),24 Dassing Ave,Newark,NJ,07106,399000,,,Newark,2459,2500,1901,1,162,,Active,,,http://www.redfin.com/NJ/Newark/24-Dassing-Ave-07106/home/36292768,BRIGHT MLS,NJES100262,N,Y,40.7424473,-74.2126361
MLS Listing,,Multi-Family (2-4 Unit),41 Winans Ave,Newark,NJ,07108,430000,9,3.0,Newark,,2370,,1,,,Active,March-6-2021 12:00 PM,March-6-2021 03:00 PM,http://www.redfin.com/NJ/Newark/41-Winans-Ave-07108/home/36272176,NJMLS,21007594,N,Y,40.729617,-74.1991422
MLS Listing,,Condo/Co-op,90 Clinton Ave #208,Newark City,NJ,07114-2012,325000,3,2.0,Newark City,1294,1306,2018,1,251,480,Active,,,http://www.redfin.com/NJ/Newark/90-Clinton-Ave-07114/unit-208/home/144831371,GSMLS,3695597,N,Y,40.7253178,-74.1811984
MLS Listing,,Single Family Residential,133 Brill St,Newark,NJ,07105,350000,3,2.0,Newark,,2304,,1,,,Active,,,http://www.redfin.com/NJ/Newark/1-Brill-St-07105/home/165718041,NJMLS,21007494,N,Y,40.7335601,-74.1437
MLS Listing,,Multi-Family (2-4 Unit),269 S 10th St,Newark,NJ,07103,539900,6,4.5,Newark,,4691,,1,,,Active,,,http://www.redfin.com/NJ/Newark/269-S-10th-St-07103/home/59916964,NJMLS,21007484,N,Y,40.7436446,-74.19931
MLS Listing,,Multi-Family (2-4 Unit),267 S 10th St,Newark,NJ,07103,539900,6,4.5,Newark,,4691,,1,,,Active,,,http://www.redfin.com/NJ/Newark/267-S-10th-St-07103/home/105486909,NJMLS,21007480,N,Y,40.74373,-74.199345
MLS Listing,,Condo/Co-op,21-23 Freeman St Unit 2A,Newark,NJ,07105,324900,3,2.0,Newark,,,,1,,,Active,,,http://www.redfin.com/NJ/Newark/2123-Freeman-St-07105/unit-2A/home/36076350,NJMLS,21007469,N,Y,40.733067,-74.145322
MLS Listing,,Multi-Family (2-4 Unit),388 S 11th St,Newark City,NJ,07103-1915,240000,6,5.0,Newark City,4272,3049,1947,1,56,,Active,,,http://www.redfin.com/NJ/Newark/388-S-11th-St-07103/home/36256534,GSMLS,3695430,N,Y,40.7408889,-74.2012174
MLS Listing,,Multi-Family (2-4 Unit),66 Magazine St,Newark City,NJ,07105-3416,565000,5,3.0,Ironbound,,2613,1910,1,,,Active,,,http://www.redfin.com/NJ/Newark/66-Magazine-St-07105/home/36268597,GSMLS,3695425,N,Y,40.7273024,-74.1478286
MLS Listing,,Multi-Family (5+ Unit),186 Clinton Ave,Newark,NJ,07108,725000,,,Newark,5044,,,1,144,,Active,,,http://www.redfin.com/NJ/Newark/186-Clinton-Ave-07108/home/36077827,NJMLS,21007403,N,Y,40.7234349,-74.1856226
MLS Listing,,Multi-Family (2-4 Unit),926-928 S 20th St,Newark,NJ,07108,345000,5,3.0,Newark,,,,2,,,Active,,,http://www.redfin.com/NJ/Newark/926-S-20th-St-07108/home/36277370,NJMLS,21007375,N,Y,40.7243922,-74.2162302
MLS Listing,,Multi-Family (2-4 Unit),31 Seymour Ave,Newark City,NJ,07108-1514,390000,7,3.0,Newark City,29997,3484,1920,2,13,,Active,,,http://www.redfin.com/NJ/Newark/31-Seymour-Ave-07108/home/36273397,GSMLS,3695350,N,Y,40.7244947,-74.2014008
MLS Listing,,Multi-Family (2-4 Unit),314-316 S 10th St,Newark City,NJ,07103-2115,449000,7,3.0,Newark City,2360,3484,1922,2,190,,Active,,,http://www.redfin.com/NJ/Newark/314-316-S-10th-St-07103/unit-316/home/36256512,GSMLS,3695340,N,Y,40.741957,-74.199595
MLS Listing,,Multi-Family (2-4 Unit),575-577 SANDFORD,Newark City,NJ,07106-2504,380000,8,3.0,Newark City,,4791,1924,2,,,Active,,,http://www.redfin.com/NJ/Newark-City/575-577-SANDFORD-07106/home/174603737,GSMLS,3695316,N,Y,40.741957213624104,-74.23340034511058
MLS Listing,,Single Family Residential,246 Kerrigan Blvd,Newark City,NJ,07106-3402,299999,4,2.5,Ivy Hill,,3049,,2,,,Pre On-Market,,,http://www.redfin.com/NJ/Newark/246-Kerrigan-Blvd-07106/home/36301566,GSMLS,3695301,N,Y,40.7330354,-74.2417187
MLS Listing,,Single Family Residential,65 S 7th St,Newark,NJ,07107,300000,8,3.0,Newark,,2500,,2,,,Active,,,http://www.redfin.com/NJ/Newark/65-S-7th-St-07107/home/36258812,NJMLS,21007322,N,Y,40.7469424,-74.1947319
MLS Listing,,Multi-Family (2-4 Unit),367 14th Ave,Newark City,NJ,07103-1217,345000,2,2.0,Newark City,2000,2178,1905,2,173,,Active,,,http://www.redfin.com/NJ/Newark/367-14th-Ave-07103/home/36235483,GSMLS,3695277,N,Y,40.741194,-74.209487
MLS Listing,,Single Family Residential,73 Melrose Ave,Irvington,NJ,07111,185000,4,1.5,Irvington,,3297,,2,,,Active,March-7-2021 01:00 PM,March-7-2021 03:00 PM,http://www.redfin.com/NJ/Irvington/73-Melrose-Ave-07111/home/36170024,NJMLS,21007282,N,Y,40.7375005,-74.225063
MLS Listing,,Vacant Land,258 S 19th St,Newark City,NJ,07103-1321,42500,,,Newark City,,1742,,2,,,Active,,,http://www.redfin.com/NJ/Newark/258-S-19th-St-07103/home/36257759,GSMLS,3695101,N,Y,40.7480215,-74.2056084
MLS Listing,,Multi-Family (2-4 Unit),231 Sunset Ave,Newark,NJ,07106,399000,4,3.0,Newark,,,,3,,,Active,,,http://www.redfin.com/NJ/Newark/229-231-Sunset-Ave-07106/home/174594169,NJMLS,21007196,N,Y,40.738305,-74.229257
MLS Listing,,Multi-Family (2-4 Unit),540 S 10th St,Newark City,NJ,07103-1827,125000,6,2.0,Newark City,1314,6534,,3,95,,Active,,,http://www.redfin.com/NJ/Newark/540-S-10th-St-07103/home/36235507,GSMLS,3695039,N,Y,40.7337804,-74.2027527
MLS Listing,,Multi-Family (2-4 Unit),8 Vincent St,Newark,NJ,07105,480000,5,2.5,Newark,,2235,,3,,,Active,March-7-2021 01:00 PM,March-7-2021 03:00 PM,http://www.redfin.com/NJ/Newark/8-Vincent-St-07105/home/36270323,NJMLS,21007141,N,Y,40.7319562,-74.1377821
MLS Listing,,Multi-Family (2-4 Unit),30-32 Avon Ave,Newark City,NJ,07108-2802,625000,8,5.0,Newark City,,3920,2007,3,,,Active,,,http://www.redfin.com/NJ/Newark/30-32-Avon-Ave-07108/home/36065719,GSMLS,3695016,N,Y,40.7233217,-74.189431
MLS Listing,,Condo/Co-op,111 Mulberry St 4J Unit 4-J,Newark City,NJ,07102,250000,2,1.0,Renaissance Tower,1097,81021,1988,3,228,479,Active,,,http://www.redfin.com/NJ/Newark/111-Mulberry-St-07102/unit-4J/home/145853213,GSMLS,3695014,N,Y,40.7355969,-74.1701905
MLS Listing,,Single Family Residential,22 Vaughan Dr Unit 2F2,Newark,NJ,07103,339900,3,1.5,Newark,1346,307311,1990,3,253,350,Pre On-Market,March-6-2021 01:00 PM,March-6-2021 03:00 PM,http://www.redfin.com/NJ/Newark/22-Vaughan-Dr-07103/unit-2F2/home/174588812,CJMLS,2113055R,N,Y,40.7394786,-74.1838581
MLS Listing,,Multi-Family (2-4 Unit),173 BROOKWOOD St,East Orange City,NJ,07018-2317,379900,7,2.5,East Orange City,,3920,,3,,,Active,,,http://www.redfin.com/NJ/East-Orange/173-Brookwood-St-07018/home/36149958,GSMLS,3694867,N,Y,40.7469711,-74.2259342
MLS Listing,,Multi-Family (2-4 Unit),32 Kossuth St #2,Newark City,NJ,07105-3314,905000,8,5.0,Newark City,198,3920,2008,4,4571,,Active,,,http://www.redfin.com/NJ/Newark/32-Kossuth-St-07105/unit-2/home/174576740,GSMLS,3694839,N,Y,40.7231934,-74.1491206
MLS Listing,,Townhouse,22 Vaughan Dr,Newark City,NJ,07103-3459,339900,3,1.5,Newark City,,307098,1990,4,,,Pre On-Market,March-6-2021 01:00 PM,March-6-2021 03:00 PM,http://www.redfin.com/NJ/Newark/22-Vaughan-Dr-07103/home/62164649,GSMLS,3694816,N,Y,40.7394786,-74.1838581
MLS Listing,,Multi-Family (2-4 Unit),908 Bergen St,Newark,NJ,07112,499000,11,4.5,Newark,,2500,,4,,,Active,,,http://www.redfin.com/NJ/Newark/908-Bergen-St-07112/home/36283141,NJMLS,21006891,N,Y,40.7127774,-74.2041065
MLS Listing,,Multi-Family (2-4 Unit),816 S 18th St,Newark,NJ,07108,400000,7,3.0,Newark,,3001,,4,,,Active,,,http://www.redfin.com/NJ/Newark/816-S-18th-St-07108/home/36273444,NJMLS,21006860,N,Y,40.7276048,-74.2131406
MLS Listing,,Multi-Family (2-4 Unit),107 Bruen St,Newark,NJ,07105,395000,5,3.0,Newark,,2313,,4,,,Active,,,http://www.redfin.com/NJ/Newark/107-Bruen-St-07105/home/36234139,NJMLS,21006818,N,Y,40.7296642,-74.1679659
MLS Listing,,Multi-Family (2-4 Unit),206-208 Chancellor Ave,Newark,NJ,07112,319900,,,Newark,2880,4791,1940,4,111,,Active,,,http://www.redfin.com/NJ/Newark/206-Chancellor-Ave-07112/home/36289749,BRIGHT MLS,NJES100266,N,Y,40.7069621,-74.2174707
MLS Listing,,Single Family Residential,475 20th St,Irvington,NJ,07111,329000,5,1.5,Irvington,,2496,,7,,,Active,,,http://www.redfin.com/NJ/Irvington/475-S-20th-St-07111/home/36174075,NJMLS,21006691,N,Y,40.740678,-74.2104808
MLS Listing,,Multi-Family (2-4 Unit),473 20th St,Irvington,NJ,07111,390000,6,2.0,Irvington,,2496,,7,,,Active,,,http://www.redfin.com/NJ/Irvington/473-S-20th-St-07111/home/36174076,NJMLS,21006689,N,Y,40.7407826,-74.210544
MLS Listing,,Single Family Residential,75 Willoughby St,Newark City,NJ,07112-1537,300000,4,4.0,Newark City,,2613,1922,7,,,Active,,,http://www.redfin.com/NJ/Newark/75-Willoughby-St-07112/home/36280689,GSMLS,3694345,N,Y,40.7134148,-74.2167518
MLS Listing,,Multi-Family (2-4 Unit),185 S 11th St,Newark City,NJ,07107-1409,349000,2,2.0,Newark City,,3049,1920,7,,,Active,,,http://www.redfin.com/NJ/Newark/185-S-11th-St-07107/home/36258711,GSMLS,3694289,N,Y,40.7479976,-74.1981906
MLS Listing,,Single Family Residential,29 Mead St,Newark City,NJ,07106-2506,399999,4,2.5,Newark City,2000,2613,1913,7,200,,Active,,,http://www.redfin.com/NJ/Newark/29-Mead-St-07106/home/36298527,GSMLS,3694287,N,Y,40.7418016,-74.2315856
MLS Listing,,Multi-Family (2-4 Unit),834 S 19th St,Newark,NJ,07108,515000,6,4.5,Newark,,2500,,7,,,Active,,,http://www.redfin.com/NJ/Newark/834-S-19th-St-07108/home/165628971,NJMLS,21006579,N,Y,40.727275,-74.2141369
MLS Listing,,Multi-Family (2-4 Unit),135 Fabyan Pl,Newark,NJ,07112,199000,4,2.0,Newark,,2500,,7,,,Active,,,http://www.redfin.com/NJ/Newark/135-Fabyan-Pl-07112/home/36281758,NJMLS,21006560,N,Y,40.7192024,-74.2188267
MLS Listing,,Multi-Family (2-4 Unit),122 22ND St,Irvington Twp.,NJ,07111-4422,405000,6,3.5,Irvington Twp.,29997,4791,1911,8,14,,Active,March-6-2021 12:00 PM,March-6-2021 02:00 PM,http://www.redfin.com/NJ/Irvington/122-22nd-St-07111/home/174541608,GSMLS,3694169,N,Y,40.7332836,-74.2147893
MLS Listing,,Multi-Family (2-4 Unit),281 Hunterdon St,Newark,NJ,07103,325000,7,2.0,Newark,,2500,,8,,,Active,,,http://www.redfin.com/NJ/Newark/281-Hunterdon-St-07103/home/36233856,NJMLS,21006472,N,Y,40.7349623,-74.1939255
MLS Listing,,Multi-Family (2-4 Unit),38 N 6th St,Newark,NJ,07107,349900,6,3.0,Newark,,2500,,9,,,Active,,,http://www.redfin.com/NJ/Newark/38-N-6th-St-07107/home/36259728,NJMLS,21006330,N,Y,40.7498667,-74.1922286
MLS Listing,,Townhouse,13 Val Sumo Ln,Newark City,NJ,07105,439000,3,2.5,Newark City,,435,2006,9,,130,Active,,,http://www.redfin.com/NJ/Newark/13-Valsumo-Ln-07105/unit-A-7/home/36062050,GSMLS,3693884,N,Y,40.729992,-74.1496054
MLS Listing,,Multi-Family (2-4 Unit),194 12th Ave,Newark,NJ,07107,800000,6,5.0,Newark,,2500,,9,,,Active,,,http://www.redfin.com/NJ/Newark/194-12th-Ave-07107/home/36258879,NJMLS,21006228,N,Y,40.744009,-74.196717
MLS Listing,,Multi-Family (2-4 Unit),760 S 17th St,Newark,NJ,07103,475000,9,5.0,Newark,,2500,,9,,,Active,,,http://www.redfin.com/NJ/Newark/760-S-17th-St-07103/home/36271867,NJMLS,21006223,N,Y,40.7293059,-74.2114897
MLS Listing,,Multi-Family (2-4 Unit),405 S 6th St,Newark City,NJ,07103-2203,525000,6,4.5,Newark City,,2613,2021,9,,,Active,,,http://www.redfin.com/NJ/Newark/405-S-6th-St-07103/home/174499086,GSMLS,3693750,N,Y,40.7336079,-74.199607
MLS Listing,,Multi-Family (2-4 Unit),98-100 Mount Vernon Pl,Newark City,NJ,07106-3308,339900,4,2.0,Ivy Hill,2000,4791,,9,170,,Active,,,http://www.redfin.com/NJ/Newark/98-Mt-Vernon-Pl-07106/home/36305546,GSMLS,3693722,N,Y,40.7365424,-74.2418746
MLS Listing,,Single Family Residential,82 Palm St,Newark,NJ,07106,220000,3,1.5,Newark,,2500,,10,,,Active,,,http://www.redfin.com/NJ/Newark/82-Palm-St-07106/home/36302616,NJMLS,21006181,N,Y,40.7491552,-74.2303018
MLS Listing,,Single Family Residential,56 South St,Newark City,NJ,07102-3317,349000,5,3.0,Newark City,,2613,1882,10,,,Active,,,http://www.redfin.com/NJ/Newark/56-South-St-07102/home/36252027,GSMLS,3693667,N,Y,40.7242259,-74.1771966
MLS Listing,,Single Family Residential,35 Pine Grove Ter,Newark City,NJ,07106-1950,299000,4,2.0,Newark City,,2613,,10,,,Active,,,http://www.redfin.com/NJ/Newark/35-Pine-Grove-Ter-07106/home/36294279,GSMLS,3693647,N,Y,40.7440682,-74.2234086
MLS Listing,,Multi-Family (2-4 Unit),274 Williamson Ave,Hillside,NJ,07205,349900,5,2.0,Hillside,,3598,,10,,,Active,,,http://www.redfin.com/NJ/Hillside/274-Williamson-Ave-07205/home/37909463,NJMLS,21006127,N,Y,40.7059694,-74.2229422
MLS Listing,,Single Family Residential,439 S 9th St,Newark,NJ,07103,169900,2,1.5,Newark,,1080,,10,,,Active,,,http://www.redfin.com/NJ/Newark/439-S-9th-St-07103/home/36235259,NJMLS,21006126,N,Y,40.7361549,-74.2014123
MLS Listing,,Single Family Residential,796 S 15th St,Newark,NJ,07108,229000,4,1.5,Newark,,2374,,10,,,Active,,,http://www.redfin.com/NJ/Newark/796-S-15th-St-07108/home/36273682,NJMLS,21006075,N,Y,40.7266984,-74.2105267
MLS Listing,,Single Family Residential,856 S 13th St,Newark City,NJ,07108-1316,164900,6,3.0,Clinton Hill,2474,4791,1907,11,67,,Active,,,http://www.redfin.com/NJ/Newark/856-S-13th-St-07108/home/36277536,GSMLS,3693506,N,Y,40.724121,-74.2094994
MLS Listing,,Multi-Family (2-4 Unit),92 Pennington St,Newark City,NJ,07105-1011,669000,5,3.0,Ironbound,2400,2178,1998,11,279,,Active,,,http://www.redfin.com/NJ/Newark/92-Pennington-St-07105/home/36252465,GSMLS,3693474,N,Y,40.7242382,-74.1729425
MLS Listing,,Single Family Residential,103 Scofield St,Newark City,NJ,07106-3620,379000,4,2.5,Newark City,,3049,1932,11,,,Active,,,http://www.redfin.com/NJ/Newark/103-Schofield-St-07106/home/36296908,GSMLS,3692435,N,Y,40.7378089,-74.2341877
MLS Listing,,Condo/Co-op,376 Littleton Ave,Newark,NJ,07103,194900,3,1.5,Newark,,,,11,,,Active,,,http://www.redfin.com/NJ/Newark/376-Littleton-Ave-07103/unit-4P/home/165514529,NJMLS,21005954,N,Y,40.7336974,-74.1980483
MLS Listing,,Multi-Family (2-4 Unit),24 N 5th St,Newark,NJ,07107,399900,8,3.5,Newark,,2500,,11,,,Active,,,http://www.redfin.com/NJ/Newark/24-N-5th-St-07107/home/36258952,NJMLS,21005948,N,Y,40.7487982,-74.1920451
MLS Listing,,Single Family Residential,81 Merchant St,Newark City,NJ,07105-2715,419999,4,1.0,Newark City,,2178,1900,11,,,Active,,,http://www.redfin.com/NJ/Newark/81-Merchant-St-07105/home/36265739,GSMLS,3693353,N,Y,40.7269209,-74.1563264
MLS Listing,,Single Family Residential,79 Merchant St,Newark City,NJ,07105-2715,359999,3,1.0,Newark City,,1742,1892,11,,,Active,,,http://www.redfin.com/NJ/Newark/79-Merchant-St-07105/home/36265740,GSMLS,3693349,N,Y,40.7269853,-74.1562347
MLS Listing,,Townhouse,380 Littleton Ave,Newark,NJ,07103,160000,3,1.5,Newark,,,,11,,,Active,,,http://www.redfin.com/NJ/Newark/380-Littleton-Ave-07103/home/142729993,NJMLS,21005932,N,Y,40.7336119,-74.1981108
MLS Listing,,Multi-Family (2-4 Unit),10-14 NOLL Pl #2,Newark City,NJ,07106-2402,620000,5,3.0,Vailsburg,,7405,1917,12,,,Active,,,http://www.redfin.com/NJ/Newark/10-Noll-Pl-07106/unit-2/home/174474531,GSMLS,3693306,N,Y,40.7422376,-74.2338917
MLS Listing,,Multi-Family (2-4 Unit),60-62 Napoleon St,Newark City,NJ,07105-3116,849000,5,3.0,Ironbound,,3484,1900,14,,,Active,,,http://www.redfin.com/NJ/Newark/60-Napoleon-St-07105/home/36255287,GSMLS,3693129,N,Y,40.7231433,-74.1543872
MLS Listing,,Single Family Residential,199-201 16th Ave,Newark,NJ,07103,225000,3,2.0,Newark,,3206,,15,,,Active,,,http://www.redfin.com/NJ/Newark/199-16th-Ave-07103/home/36235267,NJMLS,21005697,N,Y,40.7361939,-74.2042013
MLS Listing,,Multi-Family (2-4 Unit),252 Clinton Pl,Newark,NJ,07112,350000,3,2.0,Newark,,2330,,16,,,Active,,,http://www.redfin.com/NJ/Newark/252-Clinton-Pl-07112/home/36284762,NJMLS,21005535,N,Y,40.714653,-74.212767
MLS Listing,,Multi-Family (2-4 Unit),250 Clinton Pl,Newark,NJ,07112,350000,6,2.0,Newark,,2692,,16,,,Active,,,http://www.redfin.com/NJ/Newark/250-Clinton-Pl-07112/home/36284766,NJMLS,21005531,N,Y,40.7146625,-74.2127508
MLS Listing,,Single Family Residential,145 Alexander St,Newark,NJ,07106,249900,4,1.5,Newark,,,,17,,,Active,,,http://www.redfin.com/NJ/Newark/145-Alexander-St-07106/home/36296187,NJMLS,21005337,N,Y,40.741129,-74.2270462
MLS Listing,,Single Family Residential,33 Leslie St,Newark City,NJ,07108-1009,329900,6,2.5,Newark City,,4791,1904,17,,,Active,,,http://www.redfin.com/NJ/Newark/33-Leslie-St-07108/home/36281888,GSMLS,3692481,N,Y,40.7219713,-74.2139853
MLS Listing,,Multi-Family (2-4 Unit),167-169 Astor St,Newark,NJ,07114,664000,6,5.0,Newark,,,,17,,,Active,,,http://www.redfin.com/NJ/Newark/167-Astor-St-07114/home/36061521,NJMLS,21005330,N,Y,40.720268,-74.177054
MLS Listing,,Multi-Family (2-4 Unit),789 S 17th St,Newark,NJ,07103,375000,6,3.0,Newark,,2500,,17,,,Active,,,http://www.redfin.com/NJ/Newark/789-S-17th-St-07103/home/36272049,NJMLS,21005322,N,Y,40.7284749,-74.2121755
MLS Listing,,Multi-Family (2-4 Unit),31 Marne St,Newark,NJ,07105,420000,4,2.0,Newark,,1999,,17,,,Active,,,http://www.redfin.com/NJ/Newark/31-Marne-St-07105/home/36269632,NJMLS,21005305,N,Y,40.7245933,-74.1504778
MLS Listing,,Multi-Family (2-4 Unit),65 Chadwick Ave,Newark,NJ,07108,480000,9,3.0,Newark,,2801,,17,,,Active,,,http://www.redfin.com/NJ/Newark/65-Chadwick-Ave-07108/home/36273228,NJMLS,21005294,N,Y,40.7242376,-74.2003919
MLS Listing,,Single Family Residential,15 Unity Ave,Newark City,NJ,07106-2606,315000,4,2.0,Vailburg,1555,3920,1924,17,203,,Active,,,http://www.redfin.com/NJ/Newark/15-Unity-Ave-07106/home/36297061,GSMLS,3692382,N,Y,40.7382238,-74.2307947
MLS Listing,,Multi-Family (2-4 Unit),333 WINANS Ave,Hillside Twp.,NJ,07205,440000,6,2.0,Hillside Twp.,3698,3484,1958,18,119,,Active,,,http://www.redfin.com/NJ/Hillside/333-Winans-Ave-07205/home/37909334,GSMLS,3692368,N,Y,40.7066221,-74.2264386
MLS Listing,,Multi-Family (2-4 Unit),104 Lyons Ave,Newark,NJ,07112,350000,5,3.0,Newark,,3433,,18,,,Active,,,http://www.redfin.com/NJ/Newark/104-Lyons-Ave-07112/home/36288567,NJMLS,21005242,N,Y,40.7077812,-74.210114
MLS Listing,,Multi-Family (2-4 Unit),447 S 17th St,Newark,NJ,07103,319000,5,2.0,Newark,,2500,,18,,,Active,,,http://www.redfin.com/NJ/Newark/447-S-17th-St-07103/home/36235377,NJMLS,21005217,N,Y,40.741066,-74.2074542
MLS Listing,,Multi-Family (2-4 Unit),190 Dewey St,Newark City,NJ,07112-1361,220000,4,3.0,Newark City,2061,3484,1920,18,107,,Active,,,http://www.redfin.com/NJ/Newark/190-Dewey-St-07112/home/36280677,GSMLS,3692285,N,Y,40.7132575,-74.2183223
MLS Listing,,Multi-Family (2-4 Unit),9-11 Hanford St,Newark City,NJ,07114-1116,549000,6,3.5,Newark City,2400,5227,1929,18,229,,Active,,,http://www.redfin.com/NJ/Newark/9-Hanford-St-07114/unit-11/home/36291283,GSMLS,3692182,N,Y,40.6942285,-74.2031143
MLS Listing,,Single Family Residential,35 S Munn Ave,Newark,NJ,07106,299000,4,2.5,Newark,,2500,,20,,,Active,,,http://www.redfin.com/NJ/Newark/35-S-Munn-Ave-07106/home/36292994,NJMLS,21005071,N,Y,40.7439309,-74.2185516
MLS Listing,,Condo/Co-op,15-17 Gotthardt St,Newark,NJ,07105,309999,2,1.0,Newark,,,,20,,,Active,,,http://www.redfin.com/NJ/Newark/15-Gotthardt-St-07105/home/36079450,NJMLS,21005039,N,Y,40.7199263,-74.15487
MLS Listing,,Single Family Residential,443 S 18th St,Newark,NJ,07103,249900,6,2.0,Newark,,,,21,,,Active,,,http://www.redfin.com/NJ/Newark/443-S-18th-St-07103/home/36235417,NJMLS,21005028,N,Y,40.7415227,-74.2082338
MLS Listing,,Single Family Residential,850 S 11th St,Newark City,NJ,07108,450000,6,5.5,Newark City,3000,6098,1920,21,150,,Active,,,http://www.redfin.com/NJ/Newark/850-S-11th-St-07108/home/103185157,GSMLS,3691957,N,Y,40.7239921,-74.2076147
MLS Listing,,Multi-Family (2-4 Unit),90 Vincent St,Newark City,NJ,07105-4312,595000,6,5.0,Newark City,,1742,2008,21,,,Active,,,http://www.redfin.com/NJ/Newark/90-Vincent-St-07105/home/36269218,GSMLS,3691921,N,Y,40.729392,-74.1362338
MLS Listing,,Multi-Family (2-4 Unit),113 S 7th St,Newark,NJ,07107,380000,7,3.0,Newark,,3001,,21,,,Active,,,http://www.redfin.com/NJ/Newark/113-S-7th-St-07107/home/36257850,NJMLS,21004946,N,Y,40.7452306,-74.1955306
MLS Listing,,Single Family Residential,883 Hunterdon St,Newark City,NJ,07112-2651,260000,3,1.5,Newark City,,2613,1993,21,,,Active,,,http://www.redfin.com/NJ/Newark/883-Hunterdon-St-07112/home/36283148,GSMLS,3691879,N,Y,40.7130114,-74.2033613
MLS Listing,,Multi-Family (2-4 Unit),166 Astor St,Newark,NJ,07114,599000,6,5.0,Newark,,,,22,,,Active,,,http://www.redfin.com/NJ/Newark/166-Astor-St-07114/home/36256561,NJMLS,21004855,N,Y,40.7199063,-74.1774604
MLS Listing,,Multi-Family (2-4 Unit),57 Dawson St,Newark City,NJ,07114-2603,885000,8,6.0,South Ironbound,,3920,2002,22,,,Active,,,http://www.redfin.com/NJ/Newark/57-Dawson-St-07114/home/36256351,GSMLS,3691783,N,Y,40.7213633,-74.1713142
MLS Listing,,Multi-Family (2-4 Unit),,Newark City,NJ,07112-2216,350000,7,7.5,,,3920,,22,,,Active,,,http://www.redfin.com/NJ/Newark/Undisclosed-address-07112/home/174424324,GSMLS,3691658,N,Y,40.7132136,-74.2120629
MLS Listing,,Condo/Co-op,18 Ashby Ln,Newark,NJ,07103,250000,2,2.0,Newark,,,,23,,,Active,,,http://www.redfin.com/NJ/Newark/18-Ashby-Ln-07103/unit-15C/home/165673028,NJMLS,21004736,N,Y,40.741303,-74.185081
MLS Listing,,Multi-Family (2-4 Unit),63-65 Rose Ter,Newark City,NJ,07108-1618,300000,6,2.0,Newark City,,3484,1955,23,,,Active,,,http://www.redfin.com/NJ/Newark/63-Rose-Ter-07108/home/36271768,GSMLS,3691552,N,Y,40.7270286,-74.2022391
MLS Listing,,Multi-Family (2-4 Unit),366 Chadwick Ave,Newark,NJ,07112,480000,10,5.0,Newark,,3872,,23,,,Active,,,http://www.redfin.com/NJ/Newark/366-Chadwick-Ave-07112/home/36283088,NJMLS,21004675,N,Y,40.7134986,-74.2045651
MLS Listing,,Multi-Family (2-4 Unit),134 Alexander St #2,Newark City,NJ,07106-1900,359000,7,2.0,Newark City,2368,4356,1926,23,152,,Active,,,http://www.redfin.com/NJ/Newark/134-Alexander-St-07106/unit-2/home/174390826,GSMLS,3691530,N,Y,40.7413178,-74.2263928
MLS Listing,,Multi-Family (2-4 Unit),381 Leslie St,Newark,NJ,07112,399000,7,3.0,Newark,,3999,,23,,,Active,,,http://www.redfin.com/NJ/Newark/381-Leslie-St-07112/home/36291561,NJMLS,21004651,N,Y,40.7112827,-74.2229996
MLS Listing,,Single Family Residential,40 Pine Grove Ter,Newark,NJ,07106,300000,4,1.5,Newark,,2465,,24,,,Active,,,http://www.redfin.com/NJ/Newark/40-Pine-Grove-Ter-07106/home/36294236,NJMLS,21004598,N,Y,40.743799,-74.2231371
MLS Listing,,Condo/Co-op,15-17 Gotthardt St Unit 1B,Newark City,NJ,07105-3018,309999,2,1.0,Ironbound,1166,1306,2009,24,266,,Active,,,http://www.redfin.com/NJ/Newark/15-Gotthardt-St-07105/unit-1B/home/36079655,GSMLS,3691419,N,Y,40.7199263,-74.15487
MLS Listing,,Vacant Land,402 Myrtle Ave,Irvington,NJ,07111,60000,,,Irvington,,,,24,,,Active,,,http://www.redfin.com/NJ/Irvington/402-Myrtle-Ave-07111/home/148326271,NJMLS,21004583,N,Y,40.73886,-74.218041
MLS Listing,,Multi-Family (2-4 Unit),144 Walnut St,Newark,NJ,07105,639000,9,4.0,Newark,,2849,,24,,,Active,,,http://www.redfin.com/NJ/Newark/144-Walnut-St-07105/home/36252595,NJMLS,21004545,N,Y,40.7283764,-74.1681493
MLS Listing,,Multi-Family (2-4 Unit),231-233 Renner Ave,Newark,NJ,07112,489900,10,3.0,Newark,,4099,,24,,,Active,,,http://www.redfin.com/NJ/Newark/231-Renner-Ave-07112/home/36282825,NJMLS,21004523,N,Y,40.7129084,-74.2089222
MLS Listing,,Single Family Residential,33 Melrose Ave,Newark,NJ,07106,210000,3,1.5,Newark,,3341,,24,,,Active,,,http://www.redfin.com/NJ/Newark/33-Melrose-Ave-07106/home/36294549,NJMLS,21004511,N,Y,40.7389434,-74.2243293
MLS Listing,,Townhouse,18 Ashby Ln #1,Newark City,NJ,07103-3198,250000,2,2.5,Society Hill,,,1990,24,,,Active,,,http://www.redfin.com/NJ/Newark/18-Ashby-Ln-07103/unit-1/home/170394451,GSMLS,3691309,N,Y,40.741303,-74.185081
MLS Listing,,Single Family Residential,96 W Alpine St,Newark,NJ,07108,199999,4,1.5,Newark,,1163,,25,,,Active,,,http://www.redfin.com/NJ/Newark/96-W-Alpine-St-07108/home/36274257,NJMLS,21004447,N,Y,40.720119,-74.1952912
MLS Listing,,Multi-Family (2-4 Unit),331 W Runyon St,Newark,NJ,07108,265000,4,2.0,Newark,,3446,,25,,,Active,,,http://www.redfin.com/NJ/Newark/331-W-Runyon-St-07108/home/36278989,NJMLS,21004421,N,Y,40.7198652,-74.2102974
MLS Listing,,Multi-Family (2-4 Unit),374-376 Chadwick Ave,Newark,NJ,07112,449900,11,3.0,Newark,,,,25,,,Active,,,http://www.redfin.com/NJ/Newark/374-Chadwick-Ave-07112/home/36283089,NJMLS,21004404,N,Y,40.71331,-74.2051592
MLS Listing,,Single Family Residential,35 Richelieu Ter,Newark,NJ,07106,339000,4,2.0,Newark,,3250,,25,,,Active,,,http://www.redfin.com/NJ/Newark/35-Richelieu-Ter-07106/home/36301314,NJMLS,21004393,N,Y,40.7443716,-74.2343597
MLS Listing,,Single Family Residential,134 Alexander St,Newark,NJ,07106,359000,7,2.0,Newark,,4373,,25,,,Active,,,http://www.redfin.com/NJ/Newark/134-Alexander-St-07106/home/36294356,NJMLS,21004346,N,Y,40.7413178,-74.2263928
MLS Listing,,Multi-Family (2-4 Unit),171 Clifford St,Newark City,NJ,07105-1925,895000,9,6.0,Ironbound,4400,4356,2012,27,203,,Active,,,http://www.redfin.com/NJ/Newark/171-Clifford-St-07105/home/51590824,GSMLS,3690898,N,Y,40.7189566,-74.1607644
MLS Listing,,Multi-Family (2-4 Unit),306 S 10th St,Newark,NJ,07103,340000,5,3.0,Newark,,3498,,28,,,Active,,,http://www.redfin.com/NJ/Newark/306-S-10th-St-07103/home/36256515,NJMLS,21004180,N,Y,40.7422352,-74.1995205
MLS Listing,,Multi-Family (2-4 Unit),114 W END Ave,Newark City,NJ,07106-1913,400000,7,5.0,Newark City,,3920,1922,28,,,Active,,,http://www.redfin.com/NJ/Newark/114-W-End-Ave-07106/home/36294554,GSMLS,3690841,N,Y,40.7414612,-74.2241001
MLS Listing,,Multi-Family (2-4 Unit),194 Hobson St,Newark City,NJ,07112-1324,249999,4,2.0,Newark City,,3920,1922,28,,,Active,,,http://www.redfin.com/NJ/Newark/194-Hobson-St-07112/home/36280560,GSMLS,3690808,N,Y,40.7134506,-74.2191899
MLS Listing,,Single Family Residential,469 S 16th St,Newark,NJ,07103,199900,3,2.0,Newark,,1681,,28,,,Active,,,http://www.redfin.com/NJ/Newark/469-S-16th-St-07103/home/36236283,NJMLS,21004131,N,Y,40.7398422,-74.2069411
MLS Listing,,Multi-Family (2-4 Unit),107 ROSE Ter,Newark City,NJ,07108-1618,365000,7,3.0,Newark City,,4356,1915,29,,,Active,,,http://www.redfin.com/NJ/Newark/107-Rose-Ter-07108/home/36271704,GSMLS,3690714,N,Y,40.7274232,-74.2043817
MLS Listing,,Multi-Family (2-4 Unit),52 MONTICELLO Ave,Newark City,NJ,07106-1506,429000,6,3.0,Newark City,,4356,1952,29,,,Active,,,http://www.redfin.com/NJ/Newark/52-Monticello-Ave-07106/home/36303135,GSMLS,3690614,N,Y,40.7474494,-74.2347126
MLS Listing,,Multi-Family (2-4 Unit),107-109 Fabyan Pl,Newark,NJ,07112,550000,8,5.0,Newark,,4055,,30,,,Active,,,http://www.redfin.com/NJ/Newark/107-Fabyan-Pl-07112/home/113880609,NJMLS,21003886,N,Y,40.720083,-74.2180563
MLS Listing,,Multi-Family (2-4 Unit),64 New York Ave,Newark,NJ,07105,445000,6,2.0,Newark,,2749,,31,,,Active,,,http://www.redfin.com/NJ/Newark/64-New-York-Ave-07105/home/36252282,NJMLS,21003810,N,Y,40.727335,-74.167404
MLS Listing,,Multi-Family (2-4 Unit),34-36 N 6th St,Newark,NJ,07107,499000,7,3.0,Newark,,5001,,31,,,Active,,,http://www.redfin.com/NJ/Newark/34-N-6th-St-07107/home/36259731,NJMLS,21003786,N,Y,40.7496768,-74.1923699
MLS Listing,,Multi-Family (2-4 Unit),11 Sunset Ave,Newark,NJ,07106,289000,4,2.0,Newark,,2500,,31,,,Active,,,http://www.redfin.com/NJ/Newark/11-Sunset-Ave-07106/home/36295969,NJMLS,21003761,N,Y,40.7452594,-74.224742
MLS Listing,,Multi-Family (2-4 Unit),45 Lenox Ave,Irvington,NJ,07111,350000,5,3.0,Irvington,,4247,,31,,,Active,,,http://www.redfin.com/NJ/Irvington/45-Lenox-Ave-07111/home/36169009,NJMLS,21003744,N,Y,40.7354294,-74.2304279
MLS Listing,,Multi-Family (2-4 Unit),402 S 15th St,Newark,NJ,07103,450000,7,3.0,Newark,,2500,,32,,,Active,,,http://www.redfin.com/NJ/Newark/402-S-15th-St-07103/home/36235337,NJMLS,21003695,N,Y,40.7413699,-74.204932
MLS Listing,,Multi-Family (2-4 Unit),78 ELM St,Newark City,NJ,07105-1311,479900,6,3.0,Irounbound,,2178,1920,33,,,Active,,,http://www.redfin.com/NJ/Newark/78-Elm-St-07105/home/36252625,GSMLS,3690010,N,Y,40.7290058,-74.1678856
MLS Listing,,Multi-Family (2-4 Unit),169 CLIFFORD St,Newark City,NJ,07105-1925,879000,9,6.0,Ironbound,1700,4356,2012,33,517,,Active,,,http://www.redfin.com/NJ/Newark/169-Clifford-St-07105/home/51590827,GSMLS,3690007,N,Y,40.71898,-74.160878
MLS Listing,,Multi-Family (2-4 Unit),237 21st St,Irvington,NJ,07111,344900,6,2.0,Irvington,,2496,,34,,,Active,,,http://www.redfin.com/NJ/Irvington/237-21st-St-07111/home/36174005,NJMLS,21003520,N,Y,40.7354608,-74.2135074
MLS Listing,,Condo/Co-op,411 Chestnut St Unit 2D,Newark,NJ,07105,280000,1,1.0,Newark,,,,35,,,Active,,,http://www.redfin.com/NJ/Newark/411-Chestnut-St-07105/unit-2D/home/36074240,NJMLS,21003449,N,Y,40.7205254,-74.1579132
MLS Listing,,Townhouse,115 1/2 University Ave,Newark,NJ,07102,499900,3,3.0,Newark,1250,,,35,400,,Active,,,http://www.redfin.com/NJ/Newark/1-University-Ave-07102/home/174319990,NJMLS,21003373,N,Y,40.73206,-74.1786002
MLS Listing,,Multi-Family (2-4 Unit),30-32 Garden St,Newark,NJ,07105,949000,9,6.0,Newark,,4,,35,,,Active,,,http://www.redfin.com/NJ/Newark/30-32-Garden-St-07105/home/36372646,NJMLS,21003363,N,Y,40.7273504,-74.1696224
MLS Listing,,Multi-Family (2-4 Unit),246 21ST St,Irvington Twp.,NJ,07111-4426,399995,6,3.0,Irvington Twp.,19998,5662,1918,36,20,,Active,,,http://www.redfin.com/NJ/Irvington/246-21st-St-07111/home/36174032,GSMLS,3689447,N,Y,40.7350762,-74.213175
MLS Listing,,Multi-Family (2-4 Unit),391 S 18th St,Newark,NJ,07103,400000,7,3.0,Newark,,,,37,,,Active,,,http://www.redfin.com/NJ/Newark/391-S-18th-St-07103/home/36256238,NJMLS,21003188,N,Y,40.7434664,-74.2074441
MLS Listing,,Single Family Residential,28 GOTTHARDT St,Newark City,NJ,07105-3019,299900,2,1.0,Newark City,,1742,1904,38,,,Active,,,http://www.redfin.com/NJ/Newark/28-Gotthardt-St-07105/home/36255602,GSMLS,3689232,N,Y,40.7205037,-74.1546456
MLS Listing,,Multi-Family (2-4 Unit),53 SANDFORD Pl,Newark City,NJ,07106-3419,475000,7,3.0,Newark City,29997,3920,,38,16,,Active,,,http://www.redfin.com/NJ/Newark/53-Sanford-Pl-07106/home/36301524,GSMLS,3689202,N,Y,40.7341349,-74.2404887
MLS Listing,,Multi-Family (2-4 Unit),157 NORMAN Rd,Newark City,NJ,07106-3309,319000,5,3.0,Vailsburg,1930,4356,1930,38,165,,Active,,,http://www.redfin.com/NJ/Newark/157-Norman-Rd-07106/home/36305329,GSMLS,3689181,N,Y,40.73517,-74.2434978
MLS Listing,,Multi-Family (2-4 Unit),74 Clifford St,Newark,NJ,07105,879000,9,6.0,Newark,,3859,,38,,,Active,,,http://www.redfin.com/NJ/Newark/74-Clifford-St-07105/home/36064049,NJMLS,21002966,N,Y,40.7209137,-74.1650762
MLS Listing,,Multi-Family (2-4 Unit),162 S 7th St,Newark,NJ,07103,599900,8,6.0,Newark,,4051,,38,,,Active,,,http://www.redfin.com/NJ/Newark/162-S-7th-St-07103/home/36066365,NJMLS,21002953,N,Y,40.7433892,-74.1958975
MLS Listing,,Condo/Co-op,272 WALNUT St #14,Newark City,NJ,07105-1717,300000,2,1.0,Ironbound,,7405,1985,38,,185,Active,,,http://www.redfin.com/NJ/Newark/272-Walnut-St-07105/unit-14/home/174290206,GSMLS,3689071,N,Y,40.726718,-74.1624473
MLS Listing,,Vacant Land,314-316 W Runyon St,Newark,NJ,07108,155000,,,Newark,,,,39,,,Active,,,http://www.redfin.com/NJ/Newark/314-W-Runyon-St-07108/unit-316/home/36278941,NJMLS,21002817,N,Y,40.7193566,-74.2097644
MLS Listing,,Vacant Land,26 Edwin Pl,Newark,NJ,07112,135000,,,Newark,,,,39,,,Active,,,http://www.redfin.com/NJ/Newark/26-Edwin-Pl-07112/home/36280280,NJMLS,21002810,N,Y,40.715421,-74.216128
MLS Listing,,Multi-Family (2-4 Unit),8-10 Pennsylvania Ave,Newark,NJ,07102,500000,7,3.0,Newark,,2500,,39,,,Active,,,http://www.redfin.com/NJ/Newark/8-Pennsylvania-Ave-07102/home/36275246,NJMLS,21002791,N,Y,40.7255732,-74.1800782
MLS Listing,,Condo/Co-op,63-69 Rome St Unit D-2,Newark,NJ,07105,279900,2,1.0,Newark,850,,,40,329,,Active,,,http://www.redfin.com/NJ/Newark/63-Rome-St-07105/unit-D2/home/174279463,NJMLS,21002753,N,Y,40.7231042,-74.1468194
MLS Listing,,Multi-Family (2-4 Unit),276 ORANGE St,Newark City,NJ,07103-3223,609000,5,2.55,Newark City,3,,,41,203000,,Active,,,http://www.redfin.com/NJ/Newark/276-Orange-St-07103/home/174278182,GSMLS,3688764,N,Y,40.7485732,-74.1805457
MLS Listing,,Multi-Family (2-4 Unit),131-133 Huntington Ter,Newark,NJ,07112,759000,13,7.5,Newark,,5750,,41,,,Active,,,http://www.redfin.com/NJ/Newark/131-Huntington-Ter-07112/home/36284811,NJMLS,21002686,N,Y,40.7131252,-74.2111582
MLS Listing,,Multi-Family (2-4 Unit),86 Barbara St,Newark,NJ,07105,739000,6,5.0,Newark,,2500,,42,,,Active,,,http://www.redfin.com/NJ/Newark/86-Barbara-St-07105/home/36268678,NJMLS,21002628,N,Y,40.7246383,-74.1472208
MLS Listing,,Multi-Family (2-4 Unit),204 Chestnut St,Newark,NJ,07105,339900,4,2.0,Newark,,1503,,42,,,Active,,,http://www.redfin.com/NJ/Newark/204-Chestnut-St-07105/home/36253209,NJMLS,21002568,N,Y,40.7241084,-74.1669935
MLS Listing,,Multi-Family (2-4 Unit),131-133 HUNTINGTON Ter #4,Newark City,NJ,07112-1808,747500,13,7.5,Newark City,4308,5662,2019,42,174,,Active,,,http://www.redfin.com/NJ/Newark/131-Huntington-Ter-07112/unit-4/home/174265776,GSMLS,3688569,N,Y,40.7131252,-74.2111582
MLS Listing,,Multi-Family (2-4 Unit),114 MCWHORTER St,Newark City,NJ,07105-1316,699000,6,3.0,Ironbound,3000,,,42,233,,Active,,,http://www.redfin.com/NJ/Newark/114-McWhorter-St-07105/home/51591367,GSMLS,3688535,N,Y,40.7290235,-74.1670549
MLS Listing,,Condo/Co-op,17-21 PATERSON St Unit A-3,Newark City,NJ,07105-3259,215000,1,1.0,Newark City,,,1985,44,,173,Active,,,http://www.redfin.com/NJ/Newark/17-Patterson-St-07105/unit-A3/home/100381874,GSMLS,3688223,N,Y,40.7267616,-74.1530581
MLS Listing,,Condo/Co-op,17-21 Patterson St Unit A3 1ST FL,Newark,NJ,07105,215000,1,1.0,Newark,,,,44,,,Active,,,http://www.redfin.com/NJ/Newark/17-Patterson-St-07105/unit-A3-1ST-FL/home/174235381,NJMLS,21002348,N,Y,40.7267616,-74.1530581
MLS Listing,,Multi-Family (2-4 Unit),163 S 6th St,Newark,NJ,07103,484777,8,4.0,Newark,,3537,,44,,,Active,,,http://www.redfin.com/NJ/Newark/163-S-6th-St-07103/home/36258159,NJMLS,21002299,N,Y,40.7423463,-74.1958975
MLS Listing,,Multi-Family (2-4 Unit),528 NORWOOD St,East Orange City,NJ,07018-1037,219900,6,2.0,East Orange City,19998,2613,1940,44,11,,Active,,,http://www.redfin.com/NJ/East-Orange/528-Norwood-St-07018/home/36149866,GSMLS,3688137,N,Y,40.7478715,-74.2271264
MLS Listing,,Vacant Land,702 S 20TH St,Newark City,NJ,07103-1092,109000,,,Newark City,,2613,,44,,,Active,,,http://www.redfin.com/NJ/Newark/702-S-20th-St-07103/home/36236626,GSMLS,3687915,N,Y,40.7325071,-74.2131729
MLS Listing,,Multi-Family (5+ Unit),33 Read St,Newark,NJ,07105,1300000,12,,Newark,5000,,,45,260,,Active,,,http://www.redfin.com/NJ/Newark/33-Read-St-07105/home/36268517,NJMLS,21002128,N,Y,40.7314874,-74.1492966
MLS Listing,,Vacant Land,609 HUNTERDON St,Newark City,NJ,07108-1915,160000,,,Newark City,,5227,,46,,,Active,,,http://www.redfin.com/NJ/Newark/609-Hunterdon-St-07108/home/174393163,GSMLS,3687786,N,Y,40.72271,-74.1989169
MLS Listing,,Multi-Family (2-4 Unit),42 Farley Ave,Newark,NJ,07108,299000,0,,Newark,,4103,,46,,,Active,,,http://www.redfin.com/NJ/Newark/42-Farley-Ave-07108/home/36273216,NJMLS,21002015,N,Y,40.7242689,-74.201997
MLS Listing,,Condo/Co-op,15 TICHENOR Ln #406,Newark City,NJ,07114-2514,298000,3,2.0,Newark City,,1306,2008,46,,275,Active,,,http://www.redfin.com/NJ/Newark-City/15-TICHENOR-Ln-07114/unit-406/home/148309399,GSMLS,3687724,N,Y,40.722227,-74.178228
MLS Listing,,Single Family Residential,276 S 19TH St,Newark City,NJ,07103-1321,160000,2,1.0,Newark City,,2613,,47,,,Active,,,http://www.redfin.com/NJ/Newark/276-S-19th-St-07103/home/36257753,GSMLS,3687547,N,Y,40.7474999,-74.2060211
MLS Listing,,Single Family Residential,529 CLINTON Pl,Newark City,NJ,07112-1771,335000,3,2.0,Weequahic,,3920,1952,48,,,Active,,,http://www.redfin.com/NJ/Newark/529-Clinton-Pl-07112/home/36290120,GSMLS,3687480,N,Y,40.7064532,-74.2204376
MLS Listing,,Single Family Residential,1041 HUNTERDON St,Newark City,NJ,07112-2412,234900,3,2.0,Newark City,1665,3049,1920,48,141,,Active,,,http://www.redfin.com/NJ/Newark/1041-Hunterdon-St-07112/home/36286273,GSMLS,3687453,N,Y,40.7078877,-74.2074886
MLS Listing,,Multi-Family (2-4 Unit),474 S 13th St,Newark,NJ,07103,499950,9,3.0,Newark,,2500,,49,,,Active,,,http://www.redfin.com/NJ/Newark/474-S-13th-St-07103/home/36235285,NJMLS,21001837,N,Y,40.737668,-74.2044275
MLS Listing,,Multi-Family (2-4 Unit),880-882 S 19th St,Newark,NJ,07108,355000,5,3.0,Newark,,,,49,,,Active,,,http://www.redfin.com/NJ/Newark/880-S-19th-St-07108/home/36277246,NJMLS,21001832,N,Y,40.7257024,-74.2147523
MLS Listing,,Multi-Family (2-4 Unit),814 S 17TH,Newark City,NJ,07108-1102,450000,12,3.0,Newark City,19998,2613,1930,49,23,,Active,,,http://www.redfin.com/NJ/Newark/814-S-17th-St-07108/home/36273450,GSMLS,3687405,N,Y,40.727322,-74.2122234
MLS Listing,,Single Family Residential,791 S 14th St,Newark,NJ,07108,259000,5,2.0,Newark,,2091,,49,,,Active,,,http://www.redfin.com/NJ/Newark/791-S-14th-St-07108/home/36273606,NJMLS,21001726,N,Y,40.7269579,-74.2099649
MLS Listing,,Multi-Family (2-4 Unit),235 PESHINE Ave,Newark City,NJ,07108,370000,7,3.0,Newark City,29997,2613,1913,50,12,,Active,March-6-2021 12:00 PM,March-6-2021 02:00 PM,http://www.redfin.com/NJ/Newark/235-Peshine-Ave-07108/home/36274686,GSMLS,3687092,N,Y,40.7194724,-74.1991995
MLS Listing,,Multi-Family (2-4 Unit),143 HUNTINGTON Ter,Newark City,NJ,07112-1808,649000,10,5.5,Newark City,4308,7405,1923,51,151,,Active,,,http://www.redfin.com/NJ/Newark/143-Huntington-Ter-07112/home/36284791,GSMLS,3686976,N,Y,40.7127548,-74.2114288
MLS Listing,,Multi-Family (2-4 Unit),131 11th Ave,Newark,NJ,07107,364900,6,3.0,Newark,,1873,,51,,,Active,,,http://www.redfin.com/NJ/Newark/131-11th-Ave-W-07107/home/36258731,NJMLS,21001477,N,Y,40.7474703,-74.1989094
MLS Listing,,Multi-Family (2-4 Unit),367-369 Chadwick Ave,Newark,NJ,07112,390000,6,3.0,Newark,,3768,,51,,,Active,,,http://www.redfin.com/NJ/Newark/367-Chadwick-Ave-07112/unit-369/home/36283073,NJMLS,21001364,N,Y,40.713566,-74.2050795
MLS Listing,,Multi-Family (2-4 Unit),268 Chadwick Ave,Newark,NJ,07108,355000,7,3.0,Newark,,2940,,51,,,Active,,,http://www.redfin.com/NJ/Newark/268-Chadwick-Ave-07108/home/36274567,NJMLS,21001362,N,Y,40.7167829,-74.2029715
MLS Listing,,Multi-Family (2-4 Unit),369 CHADWICK Ave,Newark City,NJ,07108,390000,6,3.0,Newark City,29997,3920,1907,51,13,,Active,,,http://www.redfin.com/NJ/Newark-City/369-CHADWICK-AVE-07108/home/174161828,GSMLS,3686762,N,Y,40.713374,-74.204896
MLS Listing,,Single Family Residential,22-24 Pine Grove Ter,Newark,NJ,07106,219000,4,2.0,Newark,,3280,,52,,,Active,,,http://www.redfin.com/NJ/Newark/22-Pine-Grove-Ter-07106/home/36294241,NJMLS,21001305,N,Y,40.7443308,-74.2227071
MLS Listing,,Multi-Family (2-4 Unit),72 Garden St,Newark,NJ,07105,424999,3,2.0,Newark,,2139,,52,,,Active,,,http://www.redfin.com/NJ/Newark/72-Garden-St-07105/home/36252250,NJMLS,21001274,N,Y,40.7266781,-74.1679544
MLS Listing,,Single Family Residential,22 PINE GROVE Ter #1,Newark City,NJ,07106-1909,219000,4,2.0,Newark City,,3484,1922,52,,,Active,,,http://www.redfin.com/NJ/Newark/22-Pine-Grove-Ter-07106/unit-1/home/173690279,GSMLS,3686541,N,Y,40.7443594,-74.2227244
MLS Listing,,Townhouse,95 VAUGHAN Dr,Newark City,NJ,07103-3470,245000,2,1.5,Newark City,,307098,,53,,383,Active,,,http://www.redfin.com/NJ/Newark/95-Vaughan-Dr-07103/home/174151935,GSMLS,3686358,N,Y,40.7392354,-74.1832405
MLS Listing,,Single Family Residential,156-158 Brookdale Ave,Newark,NJ,07106,399999,4,2.5,Newark,,5001,,54,,,Active,,,http://www.redfin.com/NJ/Newark/156-Brookdale-Ave-07106/home/36295916,NJMLS,21001053,N,Y,40.7409277,-74.2286333
MLS Listing,,Multi-Family (2-4 Unit),132 Littleton Ave,Newark,NJ,07103,525000,9,4.0,Newark,,2500,,54,,,Active,,,http://www.redfin.com/NJ/Newark/132-Littleton-Ave-07103/home/36233865,NJMLS,21001043,N,Y,40.742476,-74.194126
MLS Listing,,Single Family Residential,175 Renner Ave,Newark,NJ,07112,140000,3,1.0,Newark,,3899,,55,,,Active,,,http://www.redfin.com/NJ/Newark/175-Renner-Ave-07112/home/36286630,NJMLS,21000987,N,Y,40.711892,-74.2066679
MLS Listing,,Single Family Residential,93-95 Girard Pl,Newark,NJ,07108,199000,4,1.5,Newark,,5493,,55,,,Active,,,http://www.redfin.com/NJ/Newark/93-Girard-Pl-07108/home/36280411,NJMLS,21000985,N,Y,40.720166,-74.214161
MLS Listing,,Single Family Residential,42 ISABELLA Ave,Newark City,NJ,07106-2027,315000,4,1.5,Newark City,,2613,1915,55,,,Active,,,http://www.redfin.com/NJ/Newark/42-Isabella-Ave-07106/home/36292859,GSMLS,3686192,N,Y,40.743549,-74.220063
MLS Listing,,Multi-Family (2-4 Unit),146 Delmar Pl,Irvington,NJ,07111,275000,5,2.0,Irvington,,3746,,57,,,Active,,,http://www.redfin.com/NJ/Irvington/146-Delmar-Pl-07111/home/36170750,NJMLS,21000771,N,Y,40.7362051,-74.2265762
MLS Listing,,Condo/Co-op,201 DEY St #168,Harrison,NJ,07029,399999,2,2.0,Harrison,1365,,,57,293,353,Active,,,http://www.redfin.com/NJ/Harrison/201-Dey-St-07029/unit-168/home/36432729,HCMLS,210000519,N,Y,40.7438508,-74.1640441
MLS Listing,,Multi-Family (2-4 Unit),4 MILLINGTON Ave,Newark City,NJ,07108-1418,375000,8,3.5,Clinton Hills,4000,3049,1900,59,94,,Active,,,http://www.redfin.com/NJ/Newark/4-Millington-Ave-07108/home/36278907,GSMLS,3685559,N,Y,40.719608,-74.207168
MLS Listing,,Condo/Co-op,31 Valsumo Ln #31,Newark,NJ,07105,334900,4,2.5,Newark,2088,,,59,160,,Active,,,http://www.redfin.com/NJ/Newark/31-Valsumo-Ln-07105/unit-31/home/171166906,NJMLS,21000451,N,Y,40.7298241,-74.1488818
MLS Listing,,Multi-Family (2-4 Unit),62-64 Chambers St,Newark,NJ,07105,929000,9,7.0,Newark,,3798,,59,,,Active,,,http://www.redfin.com/NJ/Newark/62-Chambers-St-07105/home/36266740,NJMLS,21000440,N,Y,40.730465,-74.1522797
MLS Listing,,Single Family Residential,72 HOUSTON St,Newark City,NJ,07105-3112,297000,3,2.0,Ironbound,,1742,,59,,,Active,,,http://www.redfin.com/NJ/Newark/72-Houston-St-07105/home/36255344,GSMLS,3685508,N,Y,40.7227323,-74.1535971
MLS Listing,,Multi-Family (2-4 Unit),882 S 17th St,Newark,NJ,07108,351944,7,3.0,Newark,,2500,,60,,,Active,,,http://www.redfin.com/NJ/Newark/882-S-17th-St-07108/home/36277300,NJMLS,21000286,N,Y,40.7250416,-74.2130488
MLS Listing,,Multi-Family (2-4 Unit),676 Hunterdon St,Newark,NJ,07108,375000,7,3.0,Newark,,,,62,,,Active,,,http://www.redfin.com/NJ/Newark/676-Hunterdon-St-07108/home/36274696,NJMLS,21000099,N,Y,40.7201163,-74.1993829
MLS Listing,,Multi-Family (2-4 Unit),264 SEYMOUR Ave,Newark City,NJ,07108-1516,395950,8,3.0,Newark City,3108,3049,1910,62,127,,Active,,,http://www.redfin.com/NJ/Newark-City/264-SEYMOUR-AVE-07108/home/174104934,GSMLS,3685043,N,Y,40.722962,-74.201725
MLS Listing,,Multi-Family (2-4 Unit),77 Pierce St,Newark,NJ,07103,420000,9,3.0,Newark,,2801,,64,,,Active,,,http://www.redfin.com/NJ/Newark/77-Pierce-St-07103/home/36271940,NJMLS,20052586,N,Y,40.7288183,-74.2085548
MLS Listing,,Multi-Family (2-4 Unit),71 Seymour Ave,Newark,NJ,07108,395950,6,3.0,Newark,,2484,,64,,,Active,,,http://www.redfin.com/NJ/Newark/71-Seymour-Ave-07108/home/36275599,NJMLS,20052584,N,Y,40.7229938,-74.201997
MLS Listing,,Multi-Family (2-4 Unit),64 Homestead Park,Newark,NJ,07108,390000,7,3.0,Newark,,4025,,64,,,Active,,,http://www.redfin.com/NJ/Newark/64-Homestead-Park-07108/home/36280312,NJMLS,20052579,N,Y,40.7195929,-74.2130488
MLS Listing,,Single Family Residential,9 PARKVIEW Ter,Newark City,NJ,07112-2019,249900,4,1.5,Newark City,,3920,1917,64,,,Active,,,http://www.redfin.com/NJ/Newark/9-Parkview-Ter-07112/home/36286235,GSMLS,3684843,N,Y,40.7095863,-74.2105152
MLS Listing,,Multi-Family (2-4 Unit),46 FABYAN Pl,Newark City,NJ,07108-1025,455000,12,3.0,Newark City,2100,3484,1930,66,217,,Active,,,http://www.redfin.com/NJ/Newark/46-Fabyan-Pl-07108/home/36281937,GSMLS,3684645,N,Y,40.7216198,-74.2159378
MLS Listing,,Multi-Family (2-4 Unit),232 S 6TH St,Newark City,NJ,07103-2446,399000,7,3.0,Newark City,,2178,1940,66,,,Active,,,http://www.redfin.com/NJ/Newark/232-S-6th-St-07103/home/36256630,GSMLS,3684581,N,Y,40.7399191,-74.1967525
MLS Listing,,Single Family Residential,84 LONGFELLOW Ave,Newark City,NJ,07106-1502,310000,4,1.5,Upper Vailsburg,,3484,1925,67,,,Active,,,http://www.redfin.com/NJ/Newark/84-Longfellow-Ave-07106/home/36303223,GSMLS,3684571,N,Y,40.7484446,-74.2353799
MLS Listing,,Multi-Family (2-4 Unit),186 Custer Ave,Newark,NJ,07112,599900,0,,Newark,,2888,,67,,,Active,,,http://www.redfin.com/NJ/Newark/186-Custer-Ave-07112/home/36069345,CJMLS,2110247,N,Y,40.7125078,-74.2073276
MLS Listing,,Multi-Family (2-4 Unit),188 Custer Ave,Newark,NJ,07112,599900,0,,Newark,4060,2500,,67,148,,Active,,,http://www.redfin.com/NJ/Newark/188-Custer-Ave-07112/home/36282799,CJMLS,2110246,N,Y,40.7125451,-74.207351
MLS Listing,,Multi-Family (2-4 Unit),28 Pierce St,Newark,NJ,07103,299000,2,2.0,Newark,,2252,,67,,,Active,,,http://www.redfin.com/NJ/Newark/28-Pierce-St-07103/home/36271791,NJMLS,20052363,N,Y,40.7302501,-74.2075345
MLS Listing,,Multi-Family (2-4 Unit),21 ADAMS St,Newark City,NJ,07105-2303,490000,4,2.0,Newark City,19998,2178,,71,25,,Active,,,http://www.redfin.com/NJ/Newark/21-Adams-St-07105/home/36267139,GSMLS,3684322,N,Y,40.7314553,-74.1567737
MLS Listing,,Multi-Family (2-4 Unit),137 HILLSIDE Ave,Newark City,NJ,07108-2409,550000,8,5.0,Newark City,,3049,2006,71,,,Active,,,http://www.redfin.com/NJ/Newark/137-Hillside-Ave-07108/home/36274248,GSMLS,3684277,N,Y,40.7185991,-74.1937879
MLS Listing,,Single Family Residential,85 LESLIE St,Newark City,NJ,07108-1018,340000,4,3.0,Newark City,,4791,,72,,,Active,,,http://www.redfin.com/NJ/Newark/85-Leslie-St-07108/home/36282043,GSMLS,3684260,N,Y,40.7204314,-74.2150709
MLS Listing,,Townhouse,240 W Kinney St,Newark City,NJ,07103-3359,250000,2,1.0,Newark City,,,2000,72,,300,Active,,,http://www.redfin.com/NJ/Newark/240-W-Kinney-St-07103/unit-9F/home/165590354,GSMLS,3684168,N,Y,40.7315947,-74.1876971
MLS Listing,,Multi-Family (2-4 Unit),169 Goodwin Ave,Newark,NJ,07112,359900,8,3.0,Newark,,4082,,73,,,Active,,,http://www.redfin.com/NJ/Newark/169-Goodwin-Ave-07112/home/36284944,NJMLS,20052079,N,Y,40.7127518,-74.2138743
MLS Listing,,Single Family Residential,28 Grumman Ave,Newark,NJ,07112,325000,4,1.5,Newark,,3232,,73,,,Active,,,http://www.redfin.com/NJ/Newark/28-Grumman-Ave-07112/home/165629763,NJMLS,20052034,N,Y,40.7016388,-74.2137906
MLS Listing,,Multi-Family (2-4 Unit),142-144 Sunset Ave,Newark,NJ,07106,650000,9,6.0,Newark,,3659,,74,,,Active,,,http://www.redfin.com/NJ/Newark/142-Sunset-Ave-07106/unit-144/home/36296175,NJMLS,20051942,N,Y,40.7412364,-74.2274634
MLS Listing,,Multi-Family (2-4 Unit),144 Sunset Ave,Newark,NJ,07106,650000,0,,Newark,3776,3659,1921,76,172,,Active,,,http://www.redfin.com/NJ/Newark/144-Sunset-Ave-07106/home/173972781,CJMLS,2109766,N,Y,40.7412141,-74.2275245
MLS Listing,,Single Family Residential,20 Palm St,Newark,NJ,07106,240000,4,1.5,Newark,,2500,,77,,,Active,,,http://www.redfin.com/NJ/Newark/20-Palm-St-07106/home/36302759,NJMLS,20051797,N,Y,40.747151,-74.2312757
MLS Listing,,Single Family Residential,125 S Munn Ave,Newark,NJ,07106,214900,3,1.0,Newark,,3040,,78,,,Active,,,http://www.redfin.com/NJ/Newark/125-S-Munn-Ave-07106/home/36292977,NJMLS,20051755,N,Y,40.7409765,-74.2197324
MLS Listing,,Vacant Land,147 Dewey St,Newark,NJ,07112,120000,,,Newark,,,,79,,,Active,,,http://www.redfin.com/NJ/Newark/147-Dewey-St-07112/home/36280587,NJMLS,20051626,N,Y,40.7147526,-74.2174052
MLS Listing,,Multi-Family (2-4 Unit),188 CUSTER Ave #2,Newark City,NJ,07112-2139,599900,6,4.5,Weequahic,4060,2613,2021,79,148,,Active,,,http://www.redfin.com/NJ/Newark/188-Custer-Ave-07112/unit-2/home/173961826,GSMLS,3683415,N,Y,40.7125451,-74.207351
MLS Listing,,Single Family Residential,141 1/2 Clifton Ave,Newark,NJ,07104,179895,3,1.0,Newark,,1651,,80,,,Active,,,http://www.redfin.com/NJ/Newark/1-Clifton-Ave-07103/home/173875944,NJMLS,20051497,N,Y,40.7489922,-74.18102
MLS Listing,,Multi-Family (2-4 Unit),232 Sherman Ave,Newark,NJ,07114,255000,6,2.0,Newark,,2500,,80,,,Active,,,http://www.redfin.com/NJ/Newark/232-Sherman-Ave-07114/home/36274657,NJMLS,20051491,N,Y,40.7166514,-74.1887774
MLS Listing,,Multi-Family (2-4 Unit),57 ROSE Ter,Newark City,NJ,07108-1618,320000,5,3.0,Upper Clinton Hill,,3484,1927,80,,,Active,,,http://www.redfin.com/NJ/Newark/57-Rose-Ter-07108/home/36271771,GSMLS,3683309,N,Y,40.7269351,-74.201997
MLS Listing,,Multi-Family (5+ Unit),513-515 Market St,Newark,NJ,07105,800000,16,,Newark,,,,83,,,Active,,,http://www.redfin.com/NJ/Newark/513-Market-St-07105/home/173951325,NJMLS,20051226,N,Y,40.732267,-74.1562347
MLS Listing,,Multi-Family (2-4 Unit),880-882 S 20TH S #2,Newark City,NJ,07108-1127,305000,8,3.0,Newark City,2658,3920,1927,84,115,,Active,,,http://www.redfin.com/NJ/Newark/880-S-20th-St-07108/unit-2/home/173935662,GSMLS,3682882,N,Y,40.7260156,-74.2157654
MLS Listing,,Multi-Family (2-4 Unit),39-41 4th St,Newark,NJ,07107,450000,6,3.0,Newark,,3324,,84,,,Active,,,http://www.redfin.com/NJ/Newark/39-4th-St-07107/home/36374850,NJMLS,20051156,N,Y,40.7484242,-74.1907003
MLS Listing,,Multi-Family (2-4 Unit),5-7 Saint Charles St,Newark,NJ,07105,949000,6,4.5,Newark,,3515,,84,,,Active,,,http://www.redfin.com/NJ/Newark/5-St-Charles-St-07105/home/36268217,NJMLS,20051148,N,Y,40.729382,-74.146957
MLS Listing,,Multi-Family (2-4 Unit),425 S 16th St,Newark,NJ,07103,319000,5,2.0,Newark,,1999,,85,,,Active,,,http://www.redfin.com/NJ/Newark/425-S-16th-St-07103/home/36235390,NJMLS,20051062,N,Y,40.7414465,-74.2063077
MLS Listing,,Multi-Family (2-4 Unit),94-96 Lyons Ave,Newark,NJ,07112,469777,8,3.0,Newark,,4948,,85,,,Active,,,http://www.redfin.com/NJ/Newark/94-Lyons-Ave-07112/home/36288549,NJMLS,20051037,N,Y,40.7075817,-74.2098542
MLS Listing,,Multi-Family (2-4 Unit),107 Ferguson St,Newark,NJ,07105,474900,5,3.0,Newark,,1311,,85,,,Active,,,http://www.redfin.com/NJ/Newark/107-Ferguson-St-07105/home/36266774,NJMLS,20050970,N,Y,40.7288783,-74.1533448
MLS Listing,,Condo/Co-op,201 Dey St #108,Harrison,NJ,07029,460000,2,2.0,Harrison,,,,85,,,Active,,,http://www.redfin.com/NJ/Harrison/201-Dey-St-07029/unit-108/home/36430622,NJMLS,20050955,N,Y,40.7438508,-74.1640441
MLS Listing,,Multi-Family (2-4 Unit),37 S 8th St,Newark,NJ,07107,475000,0,,Newark,2558,2500,2006,87,186,,Active,,,http://www.redfin.com/NJ/Newark/37-S-8th-St-07107/home/36258984,CJMLS,2109646,N,Y,40.7493312,-74.1945183
MLS Listing,,Condo/Co-op,15-19 Tichenor Ln #407,Newark,NJ,07114,269900,3,2.0,Newark,1260,,,88,214,,Active,,,http://www.redfin.com/NJ/Newark/15-Tichenor-St-07102/unit-407/home/173899105,NJMLS,20050556,N,Y,40.7246827,-74.1776287
MLS Listing,,Condo/Co-op,15-19 TICHENOR Ln #407,Newark City,NJ,07114-2514,269900,3,2.0,Ironbound,,1306,2009,88,,275,Active,,,http://www.redfin.com/NJ/Newark-City/15-19-TICHENOR-LN-07114/unit-407/home/174003791,GSMLS,3681992,N,Y,40.722227,-74.178228
MLS Listing,,Townhouse,164 FAIRMOUNT Ave,Newark City,NJ,07103-2433,160000,3,1.5,Central,,,1970,90,,,Active,,,http://www.redfin.com/NJ/Newark/164-Fairmount-Ave-07103/unit-1/home/36233894,GSMLS,3681867,N,Y,40.7416359,-74.1936083
MLS Listing,,Multi-Family (2-4 Unit),226 FAIRMOUNT Ave,Newark City,NJ,07103-2455,429000,8,3.0,Newark City,2500,2613,2019,90,172,,Active,,,http://www.redfin.com/NJ/Newark/226-Fairmount-Ave-07103/home/36233780,GSMLS,3681865,N,Y,40.7395526,-74.1947051
MLS Listing,,Multi-Family (2-4 Unit),155 Brookwood St,East Orange,NJ,07018,400000,6,3.0,East Orange,,3925,,92,,,Active,,,http://www.redfin.com/NJ/East-Orange/155-Brookwood-St-07018/home/36149956,NJMLS,20050164,N,Y,40.7475507,-74.2256591
MLS Listing,,Multi-Family (2-4 Unit),174 Pacific St,Newark,NJ,07105,369000,4,2.0,Newark,,2030,,94,,,Active,,,http://www.redfin.com/NJ/Newark/174-Pacific-St-07105/home/36253249,NJMLS,20049912,N,Y,40.721674,-74.16822
MLS Listing,,Multi-Family (2-4 Unit),18 Huntington Ter,Newark,NJ,07112,549000,9,5.0,Newark,,3498,,94,,,Active,,,http://www.redfin.com/NJ/Newark/18-Huntington-Ter-07112/home/36282936,NJMLS,20049908,N,Y,40.7167946,-74.2076835
MLS Listing,,Condo/Co-op,201 Dey St #166,Harrison,NJ,07029,380000,2,2.0,Harrison,,,,94,,,Active,,,http://www.redfin.com/NJ/Harrison/201-Dey-St-07029/unit-166/home/36430501,NJMLS,20049905,N,Y,40.7438508,-74.1640441
MLS Listing,,Multi-Family (2-4 Unit),19 Huntington Ter,Newark,NJ,07112,549000,9,5.0,Newark,,3498,,94,,,Active,,,http://www.redfin.com/NJ/Newark/19-Huntington-Ter-07112/home/36282902,NJMLS,20049901,N,Y,40.7169746,-74.2081421
MLS Listing,,Single Family Residential,778 S 16TH St,Newark City,NJ,07103-1430,265000,5,2.0,Newark City,,2613,1955,94,,,Active,,,http://www.redfin.com/NJ/Newark/778-S-16th-St-07103/home/36271845,GSMLS,3681050,N,Y,40.7284192,-74.2108821
MLS Listing,,Single Family Residential,62 Mountain View Ave,Newark,NJ,07106,230000,4,2.0,Newark,,3912,,94,,,Active,,,http://www.redfin.com/NJ/Newark/62-Mountainview-Ave-07106/home/36303907,NJMLS,20049799,N,Y,40.746763,-74.2208352
MLS Listing,,Multi-Family (2-4 Unit),192 Renner Ave,Newark,NJ,07112,450000,7,4.0,Newark,,2500,,95,,,Active,,,http://www.redfin.com/NJ/Newark/192-Renner-Ave-07112/home/36074061,NJMLS,20049722,N,Y,40.7117897,-74.2075459
MLS Listing,,Condo/Co-op,308-310 PASSAIC Ave,Harrison Town,NJ,07029,256000,2,2.0,Harrison Town,935,871,1900,95,274,342,Active,,,http://www.redfin.com/NJ/Harrison/308-Passaic-Ave-07029/home/148313567,GSMLS,3680855,N,Y,40.7483029,-74.1643243
MLS Listing,,Condo/Co-op,63-69 ROME St,Newark City,NJ,07105-3405,229900,2,1.0,Newark City,1137,10454,1990,96,202,240,Active,,,http://www.redfin.com/NJ/Newark/63-Rome-St-07105/home/51591678,GSMLS,3680754,N,Y,40.7231042,-74.1468194
MLS Listing,,Single Family Residential,1-9 Pomona Ave,Newark,NJ,07112,140000,2,1.0,Newark,,832,,97,,,Active,,,http://www.redfin.com/NJ/Newark/1-Pomona-Ave-07112/unit-3B/home/167071925,NJMLS,20049572,N,Y,40.7063344,-74.2098089
MLS Listing,,Single Family Residential,5 POMONA AVE 1A,Newark City,NJ,07112-2313,140000,2,1.0,Newark City,,871,2006,97,,200,Active,,,http://www.redfin.com/NJ/Newark/5-Pomona-Ave-07112/unit-5F/home/36070349,GSMLS,3680740,N,Y,40.7047776,-74.2074678
MLS Listing,,Multi-Family (2-4 Unit),911 S 18th St,Newark,NJ,07108,449000,9,6.0,Newark,,3302,,100,,,Active,,,http://www.redfin.com/NJ/Newark/911-S-18th-St-07108/home/36277411,NJMLS,20049363,N,Y,40.7245446,-74.2147456
MLS Listing,,Single Family Residential,49-51 Girard Pl,Newark,NJ,07108,450000,5,3.5,Newark,,6046,,100,,,Active,,,http://www.redfin.com/NJ/Newark/49-Girard-Pl-07108/home/36280416,NJMLS,20049354,N,Y,40.721499,-74.213206
MLS Listing,,Multi-Family (2-4 Unit),473 S 14th St,Newark,NJ,07103,365000,7,3.0,Newark,,2770,,101,,,Active,,,http://www.redfin.com/NJ/Newark/473-S-14th-St-07103/home/36236312,NJMLS,20049245,N,Y,40.7388844,-74.2053906
MLS Listing,,Multi-Family (2-4 Unit),59 N 5TH St,Newark City,NJ,07107-2905,349995,9,3.0,Newark City,1998,3484,,101,175,,Active,,,http://www.redfin.com/NJ/Newark/59-N-5th-St-07107/home/174323052,GSMLS,3680196,N,Y,40.7497899,-74.1908527
MLS Listing,,Single Family Residential,20 SPENCER St,Newark City,NJ,07106-2611,250000,5,2.5,Newark City,,3920,1952,102,,,Active,,,http://www.redfin.com/NJ/Newark/20-Spencer-St-07106/home/36294312,GSMLS,3680123,N,Y,40.7392955,-74.2271264
MLS Listing,,Single Family Residential,9 MAPLE Pl,Newark City,NJ,07112-1901,399000,4,2.0,Weequahic,,3920,1933,105,,,Active,,,http://www.redfin.com/NJ/Newark/9-Maple-Pl-07112/home/36288241,GSMLS,3679732,N,Y,40.7069334,-74.2156627
MLS Listing,,Single Family Residential,196 S 6TH St,Newark City,NJ,07103-2446,290000,5,3.0,Newark City,,1742,,105,,,Active,,,http://www.redfin.com/NJ/Newark/196-S-6th-St-07103/home/36256623,GSMLS,3673836,N,Y,40.7410714,-74.1961727
MLS Listing,,Single Family Residential,374 Grove St,Newark,NJ,07103,219922,4,1.0,Newark,,1037,,109,,,Active,,,http://www.redfin.com/NJ/Newark/374-Grove-St-07103/home/36256262,NJMLS,20048321,N,Y,40.7443672,-74.2103433
MLS Listing,,Multi-Family (2-4 Unit),166 STUYVESANT Ave,Newark City,NJ,07106-2510,399900,5,4.0,Newark City,,3484,,109,,,Active,,,http://www.redfin.com/NJ/Newark/166-Stuyvesant-Ave-07106/home/36295885,GSMLS,3678832,N,Y,40.7405261,-74.2304646
MLS Listing,,Multi-Family (2-4 Unit),42 3rd St,Newark,NJ,07107,340000,5,3.0,Newark,,1525,,111,,,Active,,,http://www.redfin.com/NJ/Newark/42-3rd-St-07107/home/36374863,NJMLS,20048134,N,Y,40.7490706,-74.1898246
MLS Listing,,Multi-Family (2-4 Unit),45 Hawkins St,Newark,NJ,07105,585000,9,4.0,Newark,,3141,,111,,,Active,,,http://www.redfin.com/NJ/Newark/45-Hawkins-St-07105/home/36270530,NJMLS,20048102,N,Y,40.729945,-74.1400762
MLS Listing,,Multi-Family (2-4 Unit),789 S 12TH St,Newark City,NJ,07108-1305,225000,4,3.0,Newark City,,3484,1907,113,,,Active,,,http://www.redfin.com/NJ/Newark/789-S-12th-St-07108/home/36273507,GSMLS,3678155,N,Y,40.7260219,-74.2083828
MLS Listing,,Multi-Family (2-4 Unit),127 11TH Ave,Newark City,NJ,07107-1428,295000,6,3.0,Newark City,19998,1742,,113,15,,Active,,,http://www.redfin.com/NJ/Newark/127-11th-Ave-W-07107/home/36258732,GSMLS,3678048,N,Y,40.747426,-74.198738
MLS Listing,,Multi-Family (2-4 Unit),449 S 18TH St,Newark City,NJ,07103-1212,614900,8,5.0,Central Ward,3436,2613,2021,114,179,,Active,,,http://www.redfin.com/NJ/Newark/449-S-18th-St-07103/home/165580615,GSMLS,3677774,N,Y,40.741343,-74.208378
MLS Listing,,Multi-Family (2-4 Unit),445 S 18TH St,Newark City,NJ,07103-1212,614900,8,5.0,Central Ward,3436,2613,2021,114,179,,Active,,,http://www.redfin.com/NJ/Newark/445-S-18th-St-07103/home/165672813,GSMLS,3677770,N,Y,40.741475,-74.208327
MLS Listing,,Vacant Land,530 S 18th St,Newark,NJ,07103,139000,,,Newark,,,,115,,,Active,,,http://www.redfin.com/NJ/Newark/530-S-18th-St-07103/home/165672862,NJMLS,20047456,N,Y,40.738142,-74.209003
MLS Listing,,Single Family Residential,290 Littleton Ave,Newark,NJ,07103,269000,3,1.5,Newark,,2627,,115,,,Active,March-13-2021 01:00 PM,March-13-2021 03:00 PM,http://www.redfin.com/NJ/Newark/290-Littleton-Ave-07103/home/36234184,NJMLS,20047402,N,Y,40.7369764,-74.196723
MLS Listing,,Multi-Family (2-4 Unit),758 S 20TH St,Newark City,NJ,07103-1009,289000,6,2.5,Newark City,,2613,1900,115,,,Active,,,http://www.redfin.com/NJ/Newark/758-S-20th-St-07103/home/36237786,GSMLS,3677524,N,Y,40.7304635,-74.213966
MLS Listing,,Single Family Residential,36 VERMONT Ave,Newark City,NJ,07106-2033,330000,5,3.0,Newark City,,3920,1926,116,,,Active,,,http://www.redfin.com/NJ/Newark/36-Vermont-Ave-07106/home/36293179,GSMLS,3677354,N,Y,40.7437384,-74.2209284
MLS Listing,,Multi-Family (2-4 Unit),190 CUSTER Ave,Newark City,NJ,07112-2139,367000,7,3.0,Newark City,,4791,1925,121,,,Active,,,http://www.redfin.com/NJ/Newark/190-Custer-Ave-07112/home/36282800,GSMLS,3676559,N,Y,40.71259,-74.2075263
MLS Listing,,Multi-Family (2-4 Unit),30 Marne St,Newark,NJ,07105,640000,8,4.0,Newark,,3023,,121,,,Active,,,http://www.redfin.com/NJ/Newark/30-Marne-St-07105/home/36269610,NJMLS,20046676,N,Y,40.724867,-74.150786
MLS Listing,,Multi-Family (2-4 Unit),137 Hobson St,Newark,NJ,07112,275000,4,2.0,Newark,,2601,,121,,,Active,,,http://www.redfin.com/NJ/Newark/137-Hobson-St-07112/home/36280611,NJMLS,20046650,N,Y,40.7153206,-74.217944
MLS Listing,,Multi-Family (2-4 Unit),61-65 Dewey St,Newark,NJ,07112,325000,6,2.0,Newark,,4950,,122,,,Active,,,http://www.redfin.com/NJ/Newark/61-Dewey-St-07112/home/36280596,NJMLS,20046474,N,Y,40.7172493,-74.2150976
MLS Listing,,Multi-Family (2-4 Unit),45 KENMORE Ave,Newark City,NJ,07106-1027,425000,9,3.5,Newark City,29997,2613,1914,122,14,,Active,,,http://www.redfin.com/NJ/Newark/45-Kenmore-Ave-07106/home/36303121,GSMLS,3676067,N,Y,40.7494631,-74.2338209
MLS Listing,,Multi-Family (2-4 Unit),34-36 PALM St,Newark City,NJ,07106-1118,249000,6,3.0,Vailsburg,20997,3484,1920,122,12,,Active,,,http://www.redfin.com/NJ/Newark/34-Palm-St-07106/home/36302756,GSMLS,3676058,N,Y,40.7476194,-74.2310179
MLS Listing,,Multi-Family (2-4 Unit),307 Adams St,Newark,NJ,07105,839900,9,6.0,Newark,,3594,,123,,,Active,,,http://www.redfin.com/NJ/Newark/307-Adams-St-07105/home/36374884,NJMLS,20046251,N,Y,40.7218671,-74.1630579
MLS Listing,,Multi-Family (2-4 Unit),455 AVON Ave,Newark City,NJ,07108-1154,459000,12,3.0,Newark City,1,2613,1957,124,459000,,Active,,,http://www.redfin.com/NJ/Newark/455-Avon-Ave-07108/home/36271877,GSMLS,3675719,N,Y,40.728236,-74.211853
MLS Listing,,Multi-Family (2-4 Unit),825 Bergen St,Newark,NJ,07112,299000,6,2.0,Newark,,2500,,127,,,Active,,,http://www.redfin.com/NJ/Newark/825-Bergen-St-07112/home/36283121,NJMLS,20045887,N,Y,40.7155607,-74.2030059
MLS Listing,,Multi-Family (2-4 Unit),63 Hobson St,Newark,NJ,07112,389000,5,2.0,Newark,,2601,,127,,,Active,,,http://www.redfin.com/NJ/Newark/63-Hobson-St-07112/home/36280515,NJMLS,20045834,N,Y,40.717517,-74.215892
MLS Listing,,Multi-Family (2-4 Unit),165 WATSON Ave,Newark City,NJ,07112,375000,7,3.0,Newark City,,2178,1952,129,,,Active,,,http://www.redfin.com/NJ/Newark/165-Watson-Ave-07112/home/36283111,GSMLS,3674834,N,Y,40.7134285,-74.2032352
MLS Listing,,Multi-Family (2-4 Unit),174 MAPES Ave,Newark City,NJ,07112-2018,500000,12,4.0,Newark City,,3484,1922,129,,,Active,,,http://www.redfin.com/NJ/Newark/174-Mapes-Ave-07112/home/36286378,GSMLS,3674811,N,Y,40.7106154,-74.2104808
MLS Listing,,Multi-Family (2-4 Unit),72-74 Napoleon St,Newark,NJ,07105,949000,9,6.0,Newark,,3402,,130,,,Active,,,http://www.redfin.com/NJ/Newark/72-Napoleon-St-07105/home/36255284,NJMLS,20045332,N,Y,40.7233599,-74.1539472
MLS Listing,,Multi-Family (2-4 Unit),35 HOUSTON St,Newark City,NJ,07105-3026,575000,4,4.0,Newark City,1917,3049,1880,133,300,,Active,,,http://www.redfin.com/NJ/Newark/35-Houston-St-07105/home/36255629,GSMLS,3674082,N,Y,40.7216633,-74.1549274
MLS Listing,,Single Family Residential,37-39 Grand Ave,Newark,NJ,07106,249000,4,2.0,Newark,,5358,,134,,,Active,,,http://www.redfin.com/NJ/Newark/37-Grand-Ave-07106/home/148293991,NJMLS,20044971,N,Y,40.7464238,-74.2204991
MLS Listing,,Multi-Family (2-4 Unit),138 Seymour Ave,Newark,NJ,07108,325000,6,3.0,Newark,,3080,,134,,,Active,,,http://www.redfin.com/NJ/Newark/138-Seymour-Ave-07108/home/36277351,NJMLS,20044970,N,Y,40.7204625,-74.2024097
MLS Listing,,Multi-Family (2-4 Unit),55 Dover St,Newark,NJ,07106,330000,8,3.0,Newark,,3001,,134,,,Active,,,http://www.redfin.com/NJ/Newark/55-Dover-St-07106/home/36301642,NJMLS,20044966,N,Y,40.7436058,-74.2377297
MLS Listing,,Multi-Family (2-4 Unit),168-170 Brill St,Newark City,NJ,07105-3912,950000,8,6.0,Ironbound,,6098,,134,,,Active,,,http://www.redfin.com/NJ/Newark/168-Brill-St-07105/home/36269401,GSMLS,3673617,N,Y,40.728284,-74.139586
MLS Listing,,Multi-Family (2-4 Unit),46-48 Polk St,Newark City,NJ,07105-2849,1520000,19,8.0,Ironbound,,,2002,134,,,Active,,,http://www.redfin.com/NJ/Newark/4648-Polk-St-07105/home/36373093,GSMLS,3673614,N,Y,40.7310474,-74.1535021
MLS Listing,,Single Family Residential,34 Pine Grove Ter,Newark,NJ,07106,299000,5,2.0,Newark,,,,135,,,Active,,,http://www.redfin.com/NJ/Newark/34-Pine-Grove-Ter-07106/home/36294238,NJMLS,20044748,N,Y,40.7440116,-74.2229996
MLS Listing,,Multi-Family (2-4 Unit),376-378 14th Ave,Newark,NJ,07103,429000,8,5.0,Newark,,4373,,135,,,Active,,,http://www.redfin.com/NJ/Newark/376-14th-Ave-07103/home/36058763,NJMLS,20044694,N,Y,40.7408018,-74.2100498
MLS Listing,,Vacant Land,394 21st St,Irvington,NJ,07111,75000,,,Irvington,,,,135,,,Active,,,http://www.redfin.com/NJ/Irvington/394-21st-St-07111/home/113864842,NJMLS,20044640,N,Y,40.7300414,-74.215088
MLS Listing,,Vacant Land,857-859 S 12th St,Newark City,NJ,07108-1307,125000,,,Homestead Park,,4791,,135,,,Active,,,http://www.redfin.com/NJ/Newark/857-S-12th-St-07108/home/165718791,GSMLS,3673353,N,Y,40.7236807,-74.2092908
MLS Listing,,Multi-Family (2-4 Unit),689-691 S 17th St,Newark,NJ,07103,280000,6,3.0,Newark,,5001,,135,,,Active,,,http://www.redfin.com/NJ/Newark/689-S-17th-St-07103/home/36236411,NJMLS,20044559,N,Y,40.7321911,-74.2109119
MLS Listing,,Multi-Family (2-4 Unit),26 Irvine Turner Blvd,Newark,NJ,07103,370000,3,2.5,Newark,,2500,,136,,,Active,,,http://www.redfin.com/NJ/Newark/26-Irvine-Turner-Blvd-07103/home/160390096,NJMLS,20044523,N,Y,40.733786,-74.1888347
MLS Listing,,Multi-Family (2-4 Unit),853 S 14th St,Newark,NJ,07108,400000,8,3.0,Newark,,2622,,136,,,Active,,,http://www.redfin.com/NJ/Newark/853-S-14th-St-07108/home/36277599,NJMLS,20044467,N,Y,40.7248757,-74.210756
MLS Listing,,Multi-Family (2-4 Unit),36 NAPOLEON St,Newark City,NJ,07105-3114,450000,6,3.0,Newark City,2300,1306,1900,136,196,,Active,,,http://www.redfin.com/NJ/Newark/36-Napoleon-St-07105/home/36254635,GSMLS,3673058,N,Y,40.7224988,-74.1554434
MLS Listing,,Multi-Family (2-4 Unit),586 S 12th St,Newark,NJ,07103,450000,6,4.0,Newark,,3058,,139,,,Active,,,http://www.redfin.com/NJ/Newark/586-S-12th-St-07103/home/165580447,NJMLS,20044053,N,Y,40.733299,-74.204952
MLS Listing,,Multi-Family (2-4 Unit),792 S 14th St,Newark,NJ,07108,430000,6,4.0,Newark,,2500,,139,,,Active,,,http://www.redfin.com/NJ/Newark/792-S-14th-St-07108/home/145207691,NJMLS,20044051,N,Y,40.726843,-74.2094214
MLS Listing,,Multi-Family (2-4 Unit),15 5TH St,Newark City,NJ,07107-2911,349000,8,3.0,North,,2613,1910,140,,,Active,,,http://www.redfin.com/NJ/Newark/15-N-5th-St-07107/home/174323479,GSMLS,3672565,N,Y,40.7483799,-74.1918158
MLS Listing,,Multi-Family (2-4 Unit),376-378 14TH Ave #3,Newark City,NJ,07103-1216,429000,8,5.0,Newark,29997,4356,2007,140,14,,Active,,,http://www.redfin.com/NJ/Newark/376-14th-Ave-07103/unit-3/home/173440188,GSMLS,3672511,N,Y,40.7409402,-74.2100415
MLS Listing,,Multi-Family (2-4 Unit),75 Sumo Village Ct,Newark,NJ,07114,749990,8,5.0,Newark,,2884,,142,,,Active,,,http://www.redfin.com/NJ/Newark/75-Sumo-Village-Ct-07114/home/36374510,NJMLS,20043408,N,Y,40.7210809,-74.174202
MLS Listing,,Single Family Residential,170 E KINNEY St,Newark City,NJ,07105-1156,465000,3,3.0,Ironbound Section,,1742,,143,,,Active,,,http://www.redfin.com/NJ/Newark/170-E-Kinney-St-07105/home/36252276,GSMLS,3671416,N,Y,40.7263175,-74.1681379
MLS Listing,,Multi-Family (2-4 Unit),203 SCHUYLER Ave,Newark City,NJ,07112-1824,549900,6,4.5,South Ward,2400,2613,2020,144,229,,Active,,,http://www.redfin.com/NJ/Newark/203-Schuyler-Ave-07112/home/165523529,GSMLS,3671183,N,Y,40.7114879,-74.2140387
MLS Listing,,Condo/Co-op,25-27 FREEMAN ST 1C,Newark City,NJ,07105-3708,325000,3,2.0,Ironbound,,1306,,144,,300,Active,,,http://www.redfin.com/NJ/Newark/25-27-Freeman-St-07105/unit-2D/home/36073075,GSMLS,3671155,N,Y,40.7328939,-74.1454203
MLS Listing,,Multi-Family (2-4 Unit),224 Walnut St,Newark,NJ,07105,430000,5,3.0,Newark,,2374,,149,,,Active,,,http://www.redfin.com/NJ/Newark/224-Walnut-St-07105/home/36252410,NJMLS,20042325,N,Y,40.7273338,-74.1648468
MLS Listing,,Multi-Family (2-4 Unit),33-35 Seymour Ave,Newark,NJ,07108,315000,6,2.0,Newark,,3441,,151,,,Active,,,http://www.redfin.com/NJ/Newark/33-Seymour-Ave-07108/home/36273396,NJMLS,20041911,N,Y,40.7244093,-74.2014695
MLS Listing,,Condo/Co-op,111 MULBERRY St Unit 4B,Newark City,NJ,07102-4006,240000,2,1.0,Newark City,,81021,1988,155,,465,Active,,,http://www.redfin.com/NJ/Newark/111-Mulberry-St-07102/unit-4B/home/145847335,GSMLS,3668563,N,Y,40.7355969,-74.1701905
MLS Listing,,Single Family Residential,73-75 Pine Grove Ter,Newark,NJ,07106,275000,3,1.5,Newark,,2465,,156,,,Active,,,http://www.redfin.com/NJ/Newark/73-Pine-Grove-Ter-07106/home/36294267,NJMLS,20041130,N,Y,40.7429266,-74.2243238
MLS Listing,,Multi-Family (2-4 Unit),291 Walnut St,Newark,NJ,07105,750000,6,4.0,Newark,,2291,,156,,,Active,,,http://www.redfin.com/NJ/Newark/291-Walnut-St-07105/home/36254567,NJMLS,20041076,N,Y,40.726766,-74.161375
MLS Listing,,Single Family Residential,364 BERGEN St,Newark City,NJ,07103-2202,225000,3,1.5,Newark City,,2613,2002,156,,,Active,,,http://www.redfin.com/NJ/Newark/364-Bergen-St-07103/home/36374195,GSMLS,3668135,N,Y,40.7322894,-74.1955306
MLS Listing,,Multi-Family (2-4 Unit),289 Walnut St,Newark,NJ,07105,545000,7,3.0,Newark,,2387,,156,,,Active,,,http://www.redfin.com/NJ/Newark/289-Walnut-St-07105/home/36254570,NJMLS,20041037,N,Y,40.7268255,-74.1614983
MLS Listing,,Single Family Residential,206 Smith St,Newark,NJ,07106,267000,5,1.5,Newark,,3101,,156,,,Active,,,http://www.redfin.com/NJ/Newark/206-Smith-St-07106/home/36298320,NJMLS,20041027,N,Y,40.7448864,-74.2307144
MLS Listing,,Multi-Family (2-4 Unit),122 Polk St,Newark,NJ,07105,709000,6,5.0,Newark,,2026,,157,,,Active,March-7-2021 01:00 PM,March-7-2021 04:00 PM,http://www.redfin.com/NJ/Newark/122-Polk-St-07105/home/36266798,NJMLS,20040937,N,Y,40.7287511,-74.1556728
MLS Listing,,Multi-Family (2-4 Unit),38-40 Manufacturers Pl,Newark,NJ,07105,650000,6,3.0,Newark,,3271,,158,,,Active,,,http://www.redfin.com/NJ/Newark/38-Manufacturers-Pl-07105/home/36374801,NJMLS,20040694,N,Y,40.7310057,-74.1365116
MLS Listing,,Condo/Co-op,49 Alyea St Unit F1,Newark,NJ,07105,330000,2,1.0,Newark,,,,161,,,Active,,,http://www.redfin.com/NJ/Newark/49-Alyea-St-07105/unit-F1/home/173281606,NJMLS,20040423,N,Y,40.7266319,-74.152814
MLS Listing,,Multi-Family (2-4 Unit),483 Jelliff Ave,Newark,NJ,07112,350000,5,2.0,Newark,,3006,,168,,,Active,,,http://www.redfin.com/NJ/Newark/483-Jelliff-Ave-07112/home/36283202,NJMLS,20039263,N,Y,40.7121926,-74.2018594
MLS Listing,,Single Family Residential,299 Elm St,Newark,NJ,07105,325000,3,1.5,Newark,,1498,,169,,,Active,,,http://www.redfin.com/NJ/Newark/299-Elm-St-07105/home/36265792,NJMLS,20039054,N,Y,40.726297,-74.157392
MLS Listing,,Multi-Family (2-4 Unit),36 CHELSEA Ave,East Orange City,NJ,07018-2701,370000,5,2.0,East Orange City,1700,2178,1930,171,218,,Active,,,http://www.redfin.com/NJ/EAST-ORANGE/36-CHELSEA-AVE-07018/home/36148897,GSMLS,3664448,N,Y,40.748975,-74.216499
MLS Listing,,Multi-Family (2-4 Unit),263 Vermont Ave,Irvington,NJ,07111,319000,5,2.0,Irvington,,3197,,171,,,Active,,,http://www.redfin.com/NJ/Irvington/263-Vermont-Ave-07111/home/36170676,NJMLS,20038484,N,Y,40.7360388,-74.2251089
MLS Listing,,Condo/Co-op,2 Vaughan Dr,Newark,NJ,07103,329500,3,1.5,Newark,,,,172,,,Active,,,http://www.redfin.com/NJ/Newark/2-Vaughan-Dr-07103/home/79059859,NJMLS,20038275,N,Y,40.7398224,-74.1828795
MLS Listing,,Townhouse,338 LITTLETON Ave,Newark City,NJ,07103-2365,209900,3,1.5,Newark City,,123274,1989,176,,300,Active,,,http://www.redfin.com/NJ/Newark/338-Littleton-Ave-07103/unit-2L/home/39902809,GSMLS,3663191,N,Y,40.7345503,-74.1979652
MLS Listing,,Multi-Family (5+ Unit),284-286 Sussex Ave,Newark,NJ,07107,820000,6,,Newark,,,,183,,,Active,,,http://www.redfin.com/NJ/Newark/284-Sussex-Ave-07107/home/173046943,NJMLS,20036581,N,Y,40.7494309,-74.1881827
MLS Listing,,Multi-Family (2-4 Unit),97 Winans Ave,Newark,NJ,07108,529900,6,4.0,Newark,,2500,,184,,,Active,,,http://www.redfin.com/NJ/Newark/97-Winans-Ave-07108/home/163300197,NJMLS,20036395,N,Y,40.727775,-74.197978
MLS Listing,,Multi-Family (2-4 Unit),36 Garibaldi Ave,Newark,NJ,07114,589000,6,4.5,Newark,,4622,,184,,,Active,,,http://www.redfin.com/NJ/Newark/34-36-Garibaldi-Ave-07114/home/173020282,NJMLS,20036394,N,Y,40.6879168,-74.1988274
MLS Listing,,Multi-Family (2-4 Unit),34 Garibaldi Ave,Newark,NJ,07114,589000,6,4.5,Newark,,4622,,184,,,Active,,,http://www.redfin.com/NJ/Newark/34-Garibaldi-Ave-07114/home/36305480,NJMLS,20036390,N,Y,40.6879168,-74.1988274
MLS Listing,,Townhouse,278 W KINNEY St,Newark City,NJ,07103-2962,210000,2,1.0,Newark City,1100,435,2005,193,191,350,Active,,,http://www.redfin.com/NJ/Newark/278-W-Kinney-St-07103/home/79162322,GSMLS,3658690,N,Y,40.7321654,-74.1901258
MLS Listing,,Multi-Family (2-4 Unit),23 Tillinghast St,Newark,NJ,07108,299000,4,2.0,Newark,,2500,,196,,,Active,,,http://www.redfin.com/NJ/Newark/23-Tillinghast-St-07108/home/36278928,NJMLS,20034498,N,Y,40.7184509,-74.207307
MLS Listing,,Multi-Family (2-4 Unit),36 Aldine St,Newark,NJ,07112,345000,6,2.0,Newark,,3598,,198,,,Active,,,http://www.redfin.com/NJ/Newark/36-Aldine-St-07112/home/36280354,NJMLS,20034087,N,Y,40.7145617,-74.2141036
MLS Listing,,Multi-Family (2-4 Unit),311 Orange Ave,Irvington,NJ,07111,369000,5,3.5,Irvington,,4143,,199,,,Active,,,http://www.redfin.com/NJ/IRVINGTON/311-ORANGE-AVE-07111/home/36169035,NJMLS,20033931,N,Y,40.73639,-74.228707
MLS Listing,,Multi-Family (2-4 Unit),825 BERGEN St #2,Newark City,NJ,07112-2725,299000,7,2.0,Newark City,2200,2613,1890,200,136,,Active,,,http://www.redfin.com/NJ/Newark/825-Bergen-St-07112/unit-2/home/172749755,GSMLS,3656950,N,Y,40.7155607,-74.2030059
MLS Listing,,Multi-Family (2-4 Unit),72-74 POMONA Ave,Newark City,NJ,07112-2215,299900,6,3.0,Weequahic,,4791,1919,202,,,Active,March-7-2021 11:00 AM,March-7-2021 01:00 PM,http://www.redfin.com/NJ/Newark/72-Pomona-Ave-07112/home/36288611,GSMLS,3656583,N,Y,40.7061078,-74.2103833
MLS Listing,,Multi-Family (2-4 Unit),121 Wilson Ave,Newark,NJ,07105,849999,8,4.5,Newark,,2662,,207,,,Active,,,http://www.redfin.com/NJ/Newark/121-Wilson-Ave-07105/home/59913779,NJMLS,20032282,N,Y,40.7244422,-74.1518766
MLS Listing,,Vacant Land,,Newark City,NJ,07106-2026,120000,,,,,4791,,209,,,Active,,,http://www.redfin.com/NJ/Newark/Undisclosed-address-07106/home/172684829,GSMLS,3654834,N,Y,40.7432865,-74.2326058
MLS Listing,,Vacant Land,,Newark City,NJ,07106-2026,120000,,,,,2613,,209,,,Active,,,http://www.redfin.com/NJ/Newark/Undisclosed-address-07106/home/172683796,GSMLS,3654757,N,Y,40.7432865,-74.2326058
MLS Listing,,Condo/Co-op,21 Vaughan Dr,Newark,NJ,07103,285500,3,1.5,Newark,1369,,,214,209,,Active,,,http://www.redfin.com/NJ/Newark/21-Vaughan-Dr-07103/home/172654597,NJMLS,20031131,N,Y,40.739633,-74.1840286
MLS Listing,,Single Family Residential,311 S 18TH St,Newark City,NJ,07103-1317,160000,3,1.5,Newark City,,2613,1907,220,,,Active,,,http://www.redfin.com/NJ/Newark/311-S-18th-St-07103/home/36256367,GSMLS,3651983,N,Y,40.7460835,-74.2061128
MLS Listing,,Single Family Residential,33 Emmet St,Newark,NJ,07114,349000,4,3.0,Newark,,1529,,242,,,Active,,,http://www.redfin.com/NJ/Newark/33-Emmet-St-07114/home/36275449,NJMLS,20025922,N,Y,40.721283,-74.183693
MLS Listing,,Multi-Family (2-4 Unit),146 STUYVESANT Ave,Newark City,NJ,07106-2508,430000,8,3.0,Valisburg,4200,4356,1920,247,102,,Active,,,http://www.redfin.com/NJ/Newark/146-Stuyvesant-Ave-07106/home/36295943,GSMLS,3644809,N,Y,40.7413213,-74.2302903
MLS Listing,,Single Family Residential,196 Elm St,Newark,NJ,07105,355000,3,3.0,Newark,,2278,,254,,,Active,,,http://www.redfin.com/NJ/Newark/196-Elm-St-07105/home/36253414,NJMLS,20023910,N,Y,40.7273904,-74.1624272
MLS Listing,,Multi-Family (2-4 Unit),373 SEYMOUR Ave #2,Newark City,NJ,07112-2137,199900,6,3.0,Weequahic,,3920,1904,267,,,Active,,,http://www.redfin.com/NJ/Newark/373-Seymour-Ave-07112/unit-2/home/172052980,GSMLS,3639455,N,Y,40.7129047,-74.2066746
MLS Listing,,Multi-Family (2-4 Unit),838 S 14th St,Newark,NJ,07108,555000,6,5.0,Newark,,2901,,274,,,Active,,,http://www.redfin.com/NJ/Newark/838-S-14th-St-07108/home/164365717,NJMLS,20020012,N,Y,40.725296,-74.210011
MLS Listing,,Multi-Family (2-4 Unit),56 5TH St,Newark City,NJ,07107-2906,589000,6,4.5,North,2800,2613,2020,280,210,,Active,,,http://www.redfin.com/NJ/South-Orange/56-5th-St-07079/home/165518663,GSMLS,3636009,N,Y,40.749896,-74.191296
MLS Listing,,Multi-Family (2-4 Unit),260 S 12th St,Newark City,NJ,07107-1418,475000,6,4.5,Fairmount,,2613,2006,283,,,Active,,,http://www.redfin.com/NJ/Newark/260-S-12th-St-07107/home/36257844,GSMLS,3635043,N,Y,40.7453059,-74.1999333
MLS Listing,,Multi-Family (2-4 Unit),823 BERGEN St,Newark City,NJ,07112-2725,550000,6,4.5,South Ward,2800,2613,2020,310,196,,Active,,,http://www.redfin.com/NJ/Newark/823-Bergen-St-07112/home/107369547,GSMLS,3629680,N,Y,40.7155828,-74.2029931
MLS Listing,,Multi-Family (2-4 Unit),24-26 Chelsea Ave,Newark,NJ,07106,295000,6,3.0,Newark,,3759,,323,,,Active,,,http://www.redfin.com/NJ/Newark/24-Chelsea-Ave-07106/home/36303737,NJMLS,20013782,N,Y,40.7458577,-74.2182206
MLS Listing,,Multi-Family (2-4 Unit),115-117 Hawkins St,Newark,NJ,07105,880000,9,5.0,Newark,,5001,,344,,,Active,,,http://www.redfin.com/NJ/Newark/115-Hawkins-St-07105/home/36270291,NJMLS,20012397,N,Y,40.727577,-74.1391318
MLS Listing,,Single Family Residential,80 HILLCREST Ter,East Orange City,NJ,07018-2358,224900,3,1.5,East Orange City,,3920,,347,,,Active,,,http://www.redfin.com/NJ/East-Orange/80-Hillcrest-Ter-07018/home/36150233,GSMLS,3625366,N,Y,40.745886,-74.222619
MLS Listing,,Multi-Family (2-4 Unit),157 S 10th St,Newark,NJ,07107,399900,8,3.0,Newark,,2500,,360,,,Active,,,http://www.redfin.com/NJ/Newark/157-S-10th-St-07107/home/36258861,NJMLS,20010614,N,Y,40.7475989,-74.1972734
MLS Listing,,Multi-Family (2-4 Unit),477 S 19th St,Newark,NJ,07103,369900,7,3.0,Newark,,2500,,385,,,Active,,,http://www.redfin.com/NJ/Newark/477-S-19th-St-07103/home/36235502,NJMLS,20006462,N,Y,40.7404901,-74.209621
MLS Listing,,Multi-Family (5+ Unit),63-69 Madison Ave,Newark,NJ,07108,957000,18,,Newark,,,,391,,,Active,,,http://www.redfin.com/NJ/Newark/63-Madison-Ave-07108/home/36274515,NJMLS,20005533,N,Y,40.7228684,-74.1967652
MLS Listing,,Multi-Family (2-4 Unit),768 S 12th St,Newark,NJ,07108,369000,6,3.0,Newark,,3372,,403,,,Active,,,http://www.redfin.com/NJ/Newark/768-S-12th-St-07108/home/36273583,NJMLS,20003614,N,Y,40.7266357,-74.2075918
MLS Listing,,Multi-Family (2-4 Unit),11 Vermont Ave,Newark,NJ,07106,129900,3,1.5,Newark,,1808,,417,,,Active,,,http://www.redfin.com/NJ/Newark/11-Vermont-Ave-07106/home/36293083,NJMLS,20001624,N,Y,40.7447005,-74.2210349
MLS Listing,,Multi-Family (2-4 Unit),11 VERMONT Ave #13,Newark City,NJ,07106-2032,129900,3,1.5,Newark City,,1742,1865,425,,,Active,,,http://www.redfin.com/NJ/Newark/11-Vermont-Ave-07106/unit-13/home/174333509,GSMLS,3607769,N,Y,40.7447005,-74.2210349
MLS Listing,,Vacant Land,206-212 Brookdale Ave,Newark,NJ,07106,898000,,,Newark,,,,443,,,Active,,,http://www.redfin.com/NJ/Newark/206-Brookdale-Ave-07106/home/165683706,NJMLS,1955078,N,Y,40.7390835,-74.2293818
MLS Listing,,Multi-Family (2-4 Unit),37 3RD St,Newark City,NJ,07107-3107,450000,6,5.0,Newark City,,1742,,575,,,Active,,,http://www.redfin.com/NJ/Newark/37-3rd-St-07107/home/168618322,GSMLS,3579079,N,Y,40.748818,-74.189448
MLS Listing,,Multi-Family (2-4 Unit),35 3RD St,Newark City,NJ,07107-3107,450000,6,5.0,Newark City,,3484,,575,,,Active,,,http://www.redfin.com/NJ/Newark/35-3rd-St-07107/home/174323064,GSMLS,3579058,N,Y,40.7487036,-74.1895244
